carga_id,vehiculo_id,fecha,litros,precio_litro,km_odometro
1,1,2022-01-08,91.5,406.3,111474.9
2,1,2022-01-13,70.2,383.6,111963.2
3,1,2022-01-16,61.6,394.0,112331.8
4,1,2022-01-21,75.5,408.7,112809.2
5,1,2022-01-29,76.2,382.4,113344.9
6,1,2022-02-05,82.6,385.8,113877.9
7,1,2022-02-10,75.6,391.8,114367.0
8,1,2022-02-13,59.4,389.6,114762.6
9,1,2022-02-19,66.0,395.1,115171.1
10,1,2022-02-25,82.1,398.1,115712.0
11,1,2022-03-05,65.6,385.0,116130.3
12,1,2022-03-10,80.5,413.0,116636.7
13,1,2022-03-25,100.3,388.6,117244.2
14,1,2022-03-30,70.7,405.1,117675.8
15,1,2022-04-04,71.2,439.2,118148.7
16,1,2022-04-13,89.1,422.7,118749.0
17,1,2022-04-26,97.3,433.5,119388.4
18,1,2022-05-02,76.1,426.8,119855.7
19,1,2022-05-09,77.5,454.1,120336.8
20,1,2022-05-16,71.6,455.4,120778.2
21,1,2022-05-22,64.3,423.4,121165.5
22,1,2022-05-30,68.7,440.1,121582.5
23,1,2022-06-08,70.6,454.8,122022.9
24,1,2022-06-23,85.5,428.8,122571.0
25,1,2022-06-28,64.4,426.5,123036.6
26,1,2022-07-12,81.5,520.8,123610.7
27,1,2022-07-25,176.7,508.9,124095.1
28,1,2022-07-30,69.8,502.2,124515.7
29,1,2022-08-12,110.2,500.0,125187.6
30,1,2022-08-18,72.0,492.9,125662.6
31,1,2022-09-03,84.1,489.2,126179.6
32,1,2022-09-11,91.0,485.6,126831.4
33,1,2022-09-20,99.2,490.7,127437.7
34,1,2022-09-26,71.1,487.5,127914.0
35,1,2022-10-05,85.0,581.6,128421.9
36,1,2022-10-12,80.3,567.2,128945.2
37,1,2022-10-22,70.3,562.8,129430.2
38,1,2022-10-27,66.5,568.0,129829.6
39,1,2022-11-01,72.8,574.9,130278.6
40,1,2022-11-06,71.9,574.1,130717.3
41,1,2022-11-11,58.4,582.6,131127.9
42,1,2022-11-16,75.1,574.2,131610.3
43,1,2022-11-24,63.6,582.5,132024.4
44,1,2022-11-30,80.9,565.2,132599.8
45,1,2022-12-07,86.5,552.8,133186.4
46,1,2022-12-12,90.8,567.9,133733.2
47,1,2022-12-18,72.7,575.1,134247.0
48,1,2022-12-23,64.0,567.0,134640.4
49,1,2022-12-28,89.5,559.0,135173.5
50,1,2023-01-01,83.2,627.7,135701.6
51,1,2023-01-04,59.1,628.3,136067.7
52,1,2023-01-09,88.5,625.4,136613.6
53,1,2023-01-12,59.2,624.8,136980.7
54,1,2023-01-15,64.0,614.7,137398.5
55,1,2023-01-20,88.1,613.8,137951.5
56,1,2023-01-24,63.2,588.5,138348.5
57,1,2023-01-27,66.8,611.9,138761.8
58,1,2023-02-01,72.9,591.2,139225.0
59,1,2023-02-09,79.6,613.8,139766.1
60,1,2023-02-15,85.8,607.1,140383.0
61,1,2023-02-19,71.1,599.4,140834.5
62,1,2023-02-24,88.9,627.2,141413.9
63,1,2023-03-02,110.1,589.7,142089.1
64,1,2023-03-06,69.6,599.3,142559.6
65,1,2023-03-15,99.0,601.8,143193.8
66,1,2023-03-23,101.4,584.5,143871.6
67,1,2023-03-30,66.0,611.1,144276.5
68,1,2023-04-08,96.4,702.5,144876.8
69,1,2023-04-14,71.9,703.7,145372.4
70,1,2023-04-22,78.1,712.6,145850.6
71,1,2023-05-01,100.5,719.3,146465.8
72,1,2023-05-11,83.6,682.0,147012.2
73,1,2023-05-22,190.7,728.3,147615.4
74,1,2023-05-30,77.5,731.4,148102.3
75,1,2023-06-05,78.1,720.1,148591.3
76,1,2023-06-18,83.0,692.3,149088.3
77,1,2023-06-30,112.8,731.1,149761.4
78,1,2023-07-04,69.4,820.7,150189.4
79,1,2023-07-09,60.5,817.6,150571.7
80,1,2023-07-20,235.6,811.4,151125.0
81,1,2023-07-27,85.5,822.7,151647.8
82,1,2023-08-04,69.6,819.7,152117.5
83,1,2023-08-13,94.2,806.2,152678.4
84,1,2023-08-27,68.6,769.2,153168.0
85,1,2023-09-08,72.4,825.5,153637.5
86,1,2023-09-13,76.3,805.9,154133.6
87,1,2023-09-22,96.7,818.2,154758.1
88,1,2023-09-28,78.9,818.5,155244.0
89,1,2023-10-06,72.7,877.1,155717.7
90,1,2023-10-13,108.2,897.3,156431.0
91,1,2023-10-19,58.0,896.5,156796.0
92,1,2023-10-28,82.0,898.8,157330.9
93,1,2023-11-03,79.9,924.3,157880.7
94,1,2023-11-10,76.0,878.0,158357.7
95,1,2023-11-15,79.2,892.1,158918.1
96,1,2023-11-19,82.8,886.4,159424.3
97,1,2023-11-25,96.5,933.8,160000.2
98,1,2023-12-03,154.9,899.8,160501.5
99,1,2023-12-08,61.9,939.4,160888.1
100,1,2023-12-13,90.0,874.8,161475.8
101,1,2023-12-17,74.2,913.6,161925.6
102,1,2023-12-24,31.7,891.4,162573.0
103,1,2023-12-29,110.7,915.8,163272.4
104,1,2024-01-03,102.5,970.1,163905.3
105,1,2024-01-07,60.3,952.2,164328.6
106,1,2024-01-11,68.5,1006.9,164778.7
107,1,2024-01-14,73.1,982.8,165235.6
108,1,2024-01-19,67.7,940.0,165705.6
109,1,2024-01-25,90.1,970.2,166282.4
110,1,2024-01-29,75.5,948.4,166788.1
111,1,2024-02-04,68.5,959.9,167214.7
112,1,2024-02-09,61.2,975.8,167634.8
113,1,2024-02-15,84.4,1008.7,168159.2
114,1,2024-02-20,85.1,945.8,168737.7
115,1,2024-02-24,81.1,1004.8,169294.4
116,1,2024-03-02,74.6,1011.8,169757.3
117,1,2024-03-06,72.1,970.5,170198.6
118,1,2024-03-13,77.2,957.3,170700.4
119,1,2024-03-20,63.2,979.6,171112.2
120,1,2024-03-27,91.8,951.0,171714.6
121,1,2024-04-02,89.0,1064.5,172343.5
122,1,2024-04-10,85.9,1100.8,172855.7
123,1,2024-04-16,79.8,1101.6,173349.0
124,1,2024-04-23,84.3,1061.0,173959.6
125,1,2024-04-27,73.4,1116.4,174427.4
126,1,2024-05-07,66.8,1052.1,174828.8
127,1,2024-05-12,84.3,1082.7,175353.8
128,1,2024-05-21,77.8,1098.9,175872.2
129,1,2024-05-31,75.5,1044.7,176371.5
130,1,2024-06-10,104.8,1058.1,177021.3
131,1,2024-06-18,75.9,1097.3,177548.4
132,1,2024-07-02,90.4,1139.6,178151.3
133,1,2024-07-08,70.3,1167.9,178574.5
134,1,2024-07-17,76.7,1230.1,179037.3
135,1,2024-07-25,93.1,1161.8,179628.9
136,1,2024-08-05,76.7,1213.0,180184.0
137,1,2024-08-16,86.3,1152.0,180698.0
138,1,2024-08-21,83.4,1163.0,181284.8
139,1,2024-09-05,98.6,1231.4,181906.4
140,1,2024-09-15,93.6,1201.1,182527.3
141,1,2024-09-23,84.3,1213.4,183098.5
142,1,2024-10-03,75.7,1327.8,183558.9
143,1,2024-10-11,74.9,1314.9,184054.7
144,1,2024-10-17,86.5,1400.5,184586.4
145,1,2024-10-21,62.5,1393.0,184975.9
146,1,2024-10-28,74.8,1330.2,185507.8
147,1,2024-11-02,80.6,1406.7,186040.2
148,1,2024-11-08,87.0,1372.9,186633.6
149,1,2024-11-15,76.5,1393.9,187158.5
150,1,2024-11-23,100.4,1318.3,187806.5
151,1,2024-11-27,65.0,1362.4,188260.8
152,1,2024-12-03,82.0,1321.9,188778.5
153,1,2024-12-06,65.3,1346.1,189238.0
154,1,2024-12-10,82.0,1408.1,189762.9
155,1,2024-12-16,110.2,1400.6,190436.6
156,1,2024-12-21,90.1,1399.1,190978.0
157,1,2024-12-25,88.4,1354.5,191506.7
158,1,2024-12-29,81.1,1375.4,192081.7
159,2,2022-01-06,95.9,400.3,133433.5
160,2,2022-01-10,89.7,385.2,133937.1
161,2,2022-01-15,78.3,390.4,134358.6
162,2,2022-01-20,96.9,411.6,134843.8
163,2,2022-01-23,88.2,383.0,135308.0
164,2,2022-01-29,117.5,410.2,135913.8
165,2,2022-02-02,98.8,399.3,136424.5
166,2,2022-02-07,105.4,385.4,136959.2
167,2,2022-02-14,108.7,385.9,137566.8
168,2,2022-02-22,104.1,396.9,138191.9
169,2,2022-02-28,92.5,398.8,138745.8
170,2,2022-03-08,77.5,407.9,139134.1
171,2,2022-03-17,130.8,412.7,139841.6
172,2,2022-03-20,80.6,412.0,140248.3
173,2,2022-03-27,111.5,394.8,140809.9
174,2,2022-03-31,83.9,412.9,141296.7
175,2,2022-04-10,102.0,455.0,141804.6
176,2,2022-04-16,73.3,446.6,142175.0
177,2,2022-04-20,85.7,424.6,142651.7
178,2,2022-04-29,99.9,454.8,143227.6
179,2,2022-05-15,118.2,429.0,143866.9
180,2,2022-05-24,106.7,455.1,144481.0
181,2,2022-05-29,94.9,437.2,144982.7
182,2,2022-06-07,87.7,440.1,145500.2
183,2,2022-06-17,95.7,429.9,146070.1
184,2,2022-06-23,109.3,424.0,146622.2
185,2,2022-07-09,106.2,510.5,147218.4
186,2,2022-07-19,104.2,492.1,147760.6
187,2,2022-08-01,96.9,487.9,148250.5
188,2,2022-08-15,103.0,490.5,148784.2
189,2,2022-08-24,95.3,486.2,149298.3
190,2,2022-08-31,93.1,497.9,149775.4
191,2,2022-09-04,76.1,496.0,150212.0
192,2,2022-09-10,84.9,514.1,150686.8
193,2,2022-09-16,108.8,520.0,151266.4
194,2,2022-09-23,96.1,499.8,151792.1
195,2,2022-09-28,132.1,523.5,152472.6
196,2,2022-10-05,117.6,571.5,153062.2
197,2,2022-10-11,81.7,584.1,153471.3
198,2,2022-10-16,122.0,577.0,154086.0
199,2,2022-10-25,119.9,557.6,154748.4
200,2,2022-11-02,115.5,547.9,155368.6
201,2,2022-11-08,101.6,554.7,155896.4
202,2,2022-11-19,107.1,564.9,156458.8
203,2,2022-11-23,90.4,567.4,156927.9
204,2,2022-12-01,100.6,558.2,157435.3
205,2,2022-12-05,83.0,556.3,157851.2
206,2,2022-12-11,108.7,587.9,158412.3
207,2,2022-12-15,116.0,574.3,159001.7
208,2,2022-12-20,102.0,570.1,159563.6
209,2,2022-12-26,112.3,569.1,160208.6
210,2,2022-12-31,102.5,569.9,160742.1
211,2,2023-01-04,103.3,601.2,161262.1
212,2,2023-01-09,109.0,622.4,161815.3
213,2,2023-01-12,82.7,600.4,162284.2
214,2,2023-01-18,107.7,608.1,162847.5
215,2,2023-01-23,72.5,586.5,163250.3
216,2,2023-01-29,111.1,596.0,163851.5
217,2,2023-02-02,86.1,609.9,164308.4
218,2,2023-02-07,99.1,601.0,164810.0
219,2,2023-02-11,106.6,592.3,165346.5
220,2,2023-02-15,91.4,590.5,165800.9
221,2,2023-02-19,106.6,609.4,166341.2
222,2,2023-02-24,109.2,591.5,166903.4
223,2,2023-02-27,75.8,587.8,167301.6
224,2,2023-03-06,118.6,611.0,167939.1
225,2,2023-03-13,101.3,587.6,168472.7
226,2,2023-03-18,86.6,595.6,168949.8
227,2,2023-03-26,121.1,609.8,169558.1
228,2,2023-04-05,90.5,730.3,170051.6
229,2,2023-04-12,94.3,717.4,170571.9
230,2,2023-04-16,73.0,711.3,170937.9
231,2,2023-04-21,87.7,718.6,171380.2
232,2,2023-04-26,123.3,732.0,172084.5
233,2,2023-05-03,111.5,723.0,172729.1
234,2,2023-05-14,78.6,691.2,173125.8
235,2,2023-05-21,96.2,718.3,173635.9
236,2,2023-05-27,90.1,688.9,174094.9
237,2,2023-06-09,98.2,677.3,174680.9
238,2,2023-06-24,105.7,676.7,175224.4
239,2,2023-07-01,106.5,829.1,175779.9
240,2,2023-07-15,96.9,790.6,176337.7
241,2,2023-07-25,94.1,774.6,176820.8
242,2,2023-08-09,108.2,779.4,177415.6
243,2,2023-08-19,119.0,768.8,178013.9
244,2,2023-08-29,115.4,794.8,178628.8
245,2,2023-09-05,94.8,800.7,179111.9
246,2,2023-09-11,82.4,828.4,179586.6
247,2,2023-09-23,116.8,784.6,180208.1
248,2,2023-10-05,103.2,895.3,180772.7
249,2,2023-10-10,83.2,944.0,181197.4
250,2,2023-10-14,93.9,924.6,181747.7
251,2,2023-10-20,69.7,894.9,182133.7
252,2,2023-10-23,72.0,875.5,182514.3
253,2,2023-10-29,77.7,917.8,182947.9
254,2,2023-11-04,78.4,876.1,183352.5
255,2,2023-11-08,98.1,946.0,183873.3
256,2,2023-11-12,69.5,875.7,184264.5
257,2,2023-11-17,89.1,884.1,184708.3
258,2,2023-11-24,77.2,905.4,185128.3
259,2,2023-12-01,107.9,902.9,185742.6
260,2,2023-12-04,89.9,903.1,186252.2
261,2,2023-12-07,84.5,900.4,186697.4
262,2,2023-12-11,89.9,890.1,187155.3
263,2,2023-12-16,101.7,884.1,187739.3
264,2,2023-12-20,97.2,899.4,188247.2
265,2,2023-12-24,210.1,942.1,188756.2
266,2,2023-12-27,82.4,876.9,189229.0
267,2,2023-12-31,76.2,881.1,189657.4
268,2,2024-01-04,74.6,979.8,190032.3
269,2,2024-01-07,86.3,972.2,190472.8
270,2,2024-01-12,113.0,945.5,191033.8
271,2,2024-01-17,90.2,945.9,191515.6
272,2,2024-01-20,80.4,968.9,191958.1
273,2,2024-01-25,89.6,970.9,192463.3
274,2,2024-01-29,91.6,1002.6,192955.9
275,2,2024-02-02,81.8,979.4,193373.8
276,2,2024-02-06,105.3,982.3,193902.7
277,2,2024-02-14,92.4,1011.5,194390.2
278,2,2024-02-18,108.2,950.4,194955.1
279,2,2024-02-21,76.4,1010.3,195342.8
280,2,2024-02-24,97.2,966.0,195829.3
281,2,2024-02-29,113.2,941.2,196421.9
282,2,2024-03-05,113.6,948.9,197012.0
283,2,2024-03-12,87.5,953.6,197512.5
284,2,2024-03-19,92.6,984.1,197991.5
285,2,2024-03-28,125.9,974.0,198651.6
286,2,2024-04-03,75.2,1111.9,199060.3
287,2,2024-04-08,96.7,1084.8,199551.5
288,2,2024-04-14,89.9,1097.5,200072.8
289,2,2024-04-17,77.1,1062.0,200472.3
290,2,2024-04-24,104.9,1099.7,201067.0
291,2,2024-05-01,71.6,1074.4,201458.9
292,2,2024-05-10,87.2,1070.0,201891.9
293,2,2024-05-16,82.3,1116.2,202318.3
294,2,2024-05-22,88.6,1054.8,202824.7
295,2,2024-05-26,85.6,1108.2,203283.7
296,2,2024-05-29,109.5,1085.8,203840.0
297,2,2024-06-06,78.7,1111.3,204250.7
298,2,2024-06-23,103.4,1079.0,204822.2
299,2,2024-06-27,84.7,1078.0,205255.5
300,2,2024-07-04,113.1,1168.4,205868.9
301,2,2024-07-08,81.7,1150.1,206283.8
302,2,2024-07-18,91.7,1231.0,206831.9
303,2,2024-08-01,81.3,1161.8,207266.4
304,2,2024-08-08,97.3,1213.8,207771.1
305,2,2024-08-15,77.6,1229.8,208160.9
306,2,2024-08-26,95.8,1156.2,208641.9
307,2,2024-09-10,127.7,1209.2,209312.4
308,2,2024-09-18,116.0,1200.4,209892.3
309,2,2024-09-23,84.1,1183.0,210378.8
310,2,2024-10-01,93.1,1381.1,210870.5
311,2,2024-10-08,98.9,1385.2,211406.4
312,2,2024-10-12,69.4,1375.7,211761.5
313,2,2024-10-17,88.2,1316.6,212240.2
314,2,2024-10-24,85.9,1400.2,212747.1
315,2,2024-10-31,105.9,1355.0,213311.8
316,2,2024-11-05,70.3,1334.2,213693.3
317,2,2024-11-13,115.5,1316.9,214284.2
318,2,2024-11-19,114.7,1321.6,214918.9
319,2,2024-11-25,80.3,1372.6,215382.0
320,2,2024-11-30,99.8,1380.0,215886.0
321,2,2024-12-04,111.9,1396.4,216445.0
322,2,2024-12-08,86.9,1338.3,216924.4
323,2,2024-12-13,85.8,1365.6,217411.3
324,2,2024-12-18,91.9,1314.4,217936.1
325,2,2024-12-22,93.8,1315.6,218436.9
326,2,2024-12-26,76.5,1401.4,218848.7
327,2,2024-12-30,93.7,1313.9,219400.1
328,3,2022-01-06,57.7,395.0,109346.5
329,3,2022-01-13,79.7,412.4,110070.2
330,3,2022-01-18,61.6,401.7,110674.3
331,3,2022-01-23,61.2,390.8,111220.9
332,3,2022-01-28,64.9,389.4,111759.3
333,3,2022-02-03,82.3,398.0,112532.1
334,3,2022-02-11,91.4,400.5,113313.4
335,3,2022-02-18,91.7,395.5,114078.9
336,3,2022-02-27,85.7,394.7,114795.0
337,3,2022-03-04,64.8,401.7,115364.6
338,3,2022-03-08,65.3,408.2,115946.7
339,3,2022-03-14,88.1,405.7,116719.5
340,3,2022-03-20,63.7,410.1,117241.1
341,3,2022-04-03,90.2,450.4,118039.5
342,3,2022-04-13,70.1,452.1,118696.5
343,3,2022-04-18,68.8,450.3,119303.1
344,3,2022-04-27,77.5,422.0,120008.2
345,3,2022-05-08,80.2,442.1,120719.1
346,3,2022-05-17,53.6,428.4,121171.9
347,3,2022-05-29,75.1,452.4,121794.8
348,3,2022-06-17,68.7,445.6,122357.8
349,3,2022-07-07,76.9,487.6,123096.2
350,3,2022-08-03,91.2,517.5,123872.9
351,3,2022-08-18,74.3,493.3,124522.6
352,3,2022-09-01,64.1,484.5,125072.9
353,3,2022-09-11,69.3,521.9,125669.4
354,3,2022-09-19,94.7,516.7,126521.2
355,3,2022-09-27,73.4,501.1,127140.3
356,3,2022-10-05,62.0,563.4,127665.2
357,3,2022-10-17,79.0,565.0,128336.8
358,3,2022-10-26,84.2,547.8,129078.9
359,3,2022-11-07,80.2,546.2,129808.0
360,3,2022-11-15,59.4,551.0,130392.2
361,3,2022-11-21,61.7,590.5,130894.6
362,3,2022-11-30,72.7,575.6,131484.7
363,3,2022-12-06,89.7,566.9,132278.7
364,3,2022-12-10,66.5,546.5,132848.3
365,3,2022-12-14,70.7,562.7,133456.3
366,3,2022-12-20,71.1,550.0,134093.2
367,3,2022-12-25,64.8,565.2,134711.0
368,3,2022-12-30,80.7,587.7,135393.4
369,3,2023-01-05,64.8,631.2,135927.9
370,3,2023-01-11,61.7,606.9,136470.4
371,3,2023-01-17,70.6,618.9,137080.8
372,3,2023-01-21,77.9,595.8,137760.7
373,3,2023-01-26,55.7,599.1,138230.0
374,3,2023-02-02,89.2,595.9,138976.8
375,3,2023-02-09,84.5,627.3,139694.7
376,3,2023-02-13,75.6,599.9,140313.9
377,3,2023-02-17,70.6,590.9,140934.4
378,3,2023-02-23,57.1,632.0,141468.7
379,3,2023-03-03,73.8,605.8,142076.0
380,3,2023-03-09,75.4,615.6,142700.9
381,3,2023-03-16,83.6,595.9,143432.3
382,3,2023-03-24,76.2,623.7,144182.3
383,3,2023-04-02,69.6,682.5,144831.9
384,3,2023-04-13,81.4,727.7,145502.2
385,3,2023-04-22,77.4,687.1,146239.3
386,3,2023-05-09,84.0,713.0,147026.0
387,3,2023-05-20,69.0,701.6,147661.6
388,3,2023-05-29,54.9,700.1,148133.1
389,3,2023-06-22,94.4,722.6,148900.2
390,3,2023-07-04,80.6,776.0,149605.2
391,3,2023-07-08,58.2,830.9,150084.8
392,3,2023-07-20,85.2,811.1,150828.6
393,3,2023-07-31,79.8,799.5,151483.8
394,3,2023-08-13,64.7,769.8,152085.2
395,3,2023-08-30,65.3,816.8,152709.3
396,3,2023-09-09,80.4,813.0,153487.5
397,3,2023-09-18,84.6,785.6,154275.6
398,3,2023-09-29,81.8,796.2,154984.1
399,3,2023-10-06,68.3,900.4,155542.9
400,3,2023-10-14,60.6,933.0,156076.7
401,3,2023-10-26,88.2,877.7,156893.8
402,3,2023-11-05,60.4,943.9,157467.5
403,3,2023-11-13,72.0,909.8,158084.7
404,3,2023-11-21,75.8,921.1,158818.7
405,3,2023-11-30,73.1,910.0,159460.4
406,3,2023-12-09,82.2,926.9,160229.5
407,3,2023-12-14,64.1,914.3,160756.3
408,3,2023-12-20,180.2,926.1,161397.9
409,3,2023-12-27,101.7,876.4,162231.8
410,3,2024-01-03,76.1,1002.4,162907.1
411,3,2024-01-09,59.3,968.9,163426.1
412,3,2024-01-14,56.1,975.8,163940.3
413,3,2024-01-19,69.9,964.0,164551.3
414,3,2024-01-23,74.4,1005.1,165167.3
415,3,2024-01-28,67.9,960.6,165777.8
416,3,2024-02-04,81.5,959.2,166446.1
417,3,2024-02-08,56.7,944.0,166928.8
418,3,2024-02-12,69.8,1009.1,167512.4
419,3,2024-02-20,76.6,978.2,168174.2
420,3,2024-02-27,70.5,965.0,168761.8
421,3,2024-03-05,80.9,982.2,169427.5
422,3,2024-03-11,161.5,984.8,170105.2
423,3,2024-03-17,63.8,963.9,170654.8
424,3,2024-03-25,72.9,1008.7,171270.8
425,3,2024-04-01,59.5,1105.3,171824.4
426,3,2024-04-09,69.1,1074.1,172451.1
427,3,2024-04-18,82.1,1085.4,173154.2
428,3,2024-05-01,88.8,1047.9,173894.1
429,3,2024-05-10,164.8,1098.8,174552.9
430,3,2024-05-28,71.1,1102.0,175132.7
431,3,2024-06-10,71.3,1046.1,175767.1
432,3,2024-06-17,54.7,1050.9,176305.4
433,3,2024-06-27,69.9,1083.8,176953.3
434,3,2024-07-09,79.3,1170.0,177612.7
435,3,2024-07-25,70.7,1223.1,178217.6
436,3,2024-08-02,65.9,1209.6,178768.5
437,3,2024-08-11,56.3,1144.4,179295.7
438,3,2024-08-21,72.3,1183.3,179904.5
439,3,2024-08-30,73.0,1219.8,180619.4
440,3,2024-09-08,74.5,1137.8,181322.2
441,3,2024-09-15,54.5,1221.8,181824.6
442,3,2024-09-25,72.1,1216.6,182496.4
443,3,2024-10-07,70.5,1376.5,183177.1
444,3,2024-10-15,75.5,1341.3,183811.7
445,3,2024-10-22,58.0,1353.6,184304.3
446,3,2024-10-29,61.5,1320.1,184886.5
447,3,2024-11-04,67.2,1337.3,185442.8
448,3,2024-11-11,65.5,1348.8,186014.3
449,3,2024-11-17,75.1,1357.6,186654.2
450,3,2024-11-24,71.0,1376.6,187301.9
451,3,2024-11-27,56.0,1316.2,187808.9
452,3,2024-12-05,64.9,1327.8,188367.4
453,3,2024-12-10,59.0,1393.5,188867.7
454,3,2024-12-16,74.9,1404.0,189517.8
455,3,2024-12-21,64.9,1413.3,190073.3
456,3,2024-12-28,87.9,1359.3,190823.5
457,4,2022-01-05,138.4,384.9,133574.9
458,4,2022-01-11,166.3,411.7,134208.3
459,4,2022-01-15,131.5,407.3,134710.4
460,4,2022-01-23,161.1,407.4,135275.4
461,4,2022-01-27,140.8,408.8,135744.3
462,4,2022-02-03,195.8,389.2,136476.9
463,4,2022-02-09,156.5,395.4,137029.2
464,4,2022-02-14,151.2,403.4,137635.1
465,4,2022-02-22,183.0,395.8,138308.7
466,4,2022-02-26,176.7,383.2,138934.5
467,4,2022-03-05,154.3,395.3,139497.6
468,4,2022-03-14,142.7,403.9,139987.5
469,4,2022-03-27,148.8,391.0,140551.7
470,4,2022-04-05,140.6,438.4,141042.3
471,4,2022-04-17,140.2,438.3,141576.7
472,4,2022-04-24,343.4,455.4,142153.6
473,4,2022-05-08,123.1,456.6,142562.7
474,4,2022-06-02,173.8,435.9,143179.4
475,4,2022-06-16,124.9,450.4,143644.2
476,4,2022-07-01,182.1,495.7,144320.6
477,4,2022-07-18,154.5,506.0,144838.5
478,4,2022-08-07,171.2,497.2,145460.6
479,4,2022-08-18,159.7,518.9,146028.4
480,4,2022-08-26,123.9,512.2,146441.3
481,4,2022-09-02,147.1,488.6,146986.7
482,4,2022-09-14,186.8,521.8,147674.3
483,4,2022-09-26,125.2,509.7,148163.4
484,4,2022-10-03,128.5,591.2,148657.0
485,4,2022-10-16,187.9,561.6,149398.2
486,4,2022-10-23,130.5,553.1,149903.3
487,4,2022-10-30,141.5,557.5,150410.7
488,4,2022-11-06,163.2,589.2,150959.9
489,4,2022-11-12,154.3,571.0,151536.5
490,4,2022-11-20,173.6,580.4,152129.6
491,4,2022-11-25,133.1,578.8,152636.1
492,4,2022-12-05,176.3,582.5,153224.0
493,4,2022-12-13,185.9,554.4,153874.3
494,4,2022-12-19,151.8,572.2,154435.8
495,4,2022-12-23,136.8,570.7,154911.3
496,4,2022-12-28,175.3,584.2,155601.9
497,4,2022-12-31,130.0,577.4,156065.8
498,4,2023-01-07,202.2,628.6,156770.6
499,4,2023-01-14,144.7,599.5,157286.9
500,4,2023-01-19,203.2,609.3,157959.4
501,4,2023-01-25,146.1,585.0,158488.8
502,4,2023-02-01,144.4,607.1,159066.0
503,4,2023-02-04,130.3,596.2,159545.1
504,4,2023-02-10,161.6,606.0,160088.3
505,4,2023-02-15,151.0,585.0,160622.2
506,4,2023-02-21,159.6,622.4,161150.3
507,4,2023-02-28,184.2,618.1,161790.7
508,4,2023-03-05,142.4,588.0,162355.4
509,4,2023-03-16,170.5,589.0,162931.0
510,4,2023-03-22,135.4,593.3,163400.1
511,4,2023-03-26,123.8,605.9,163832.6
512,4,2023-04-01,150.9,686.3,164333.6
513,4,2023-04-06,113.0,707.4,164735.6
514,4,2023-04-15,136.2,706.3,165241.7
515,4,2023-05-02,443.3,721.1,165820.4
516,4,2023-05-08,167.4,729.9,166489.9
517,4,2023-05-12,132.9,704.9,166944.2
518,4,2023-05-23,165.3,678.4,167504.7
519,4,2023-05-29,143.7,683.4,168041.6
520,4,2023-06-06,175.0,679.7,168664.4
521,4,2023-06-14,127.2,714.8,169118.3
522,4,2023-06-23,159.7,729.0,169692.3
523,4,2023-06-29,173.1,720.4,170306.3
524,4,2023-07-12,163.5,815.5,170894.1
525,4,2023-08-01,211.1,769.2,171612.8
526,4,2023-08-09,111.8,783.1,172051.2
527,4,2023-08-22,170.3,825.2,172651.4
528,4,2023-09-01,174.8,815.7,173266.8
529,4,2023-09-08,146.2,800.8,173821.2
530,4,2023-09-15,46.1,801.5,174339.1
531,4,2023-09-29,176.5,780.9,174953.4
532,4,2023-10-09,218.3,931.2,175708.1
533,4,2023-10-17,165.7,938.3,176264.1
534,4,2023-10-24,164.5,875.5,176831.0
535,4,2023-10-29,128.7,917.7,177288.1
536,4,2023-11-05,147.0,935.1,177842.8
537,4,2023-11-12,157.7,877.5,178439.3
538,4,2023-11-18,151.0,915.0,179000.6
539,4,2023-11-23,113.6,885.4,179411.0
540,4,2023-12-01,174.2,887.3,180065.6
541,4,2023-12-09,130.0,910.6,180524.5
542,4,2023-12-15,153.0,892.1,181065.6
543,4,2023-12-20,174.1,936.5,181693.5
544,4,2023-12-26,186.2,875.9,182325.6
545,4,2023-12-31,154.0,929.6,182894.6
546,4,2024-01-07,175.4,961.5,183557.4
547,4,2024-01-12,165.9,981.8,184121.2
548,4,2024-01-19,194.7,977.5,184807.5
549,4,2024-01-24,122.8,940.5,185265.6
550,4,2024-01-28,174.2,994.9,185843.8
551,4,2024-02-01,176.7,996.5,186464.0
552,4,2024-02-08,196.8,989.8,187137.2
553,4,2024-02-14,202.6,966.7,187822.2
554,4,2024-02-21,189.8,1014.9,188474.2
555,4,2024-02-26,176.0,977.0,189068.6
556,4,2024-03-03,170.7,986.9,189709.6
557,4,2024-03-12,231.5,961.9,190478.8
558,4,2024-03-19,165.9,1011.6,191079.9
559,4,2024-03-25,183.3,959.5,191787.9
560,4,2024-04-02,190.9,1055.8,192456.3
561,4,2024-04-09,164.8,1055.3,193001.7
562,4,2024-04-18,151.7,1113.0,193561.6
563,4,2024-04-22,134.8,1043.9,194014.0
564,4,2024-05-04,151.5,1061.0,194585.8
565,4,2024-05-12,153.0,1040.8,195103.4
566,4,2024-05-20,186.2,1057.9,195750.4
567,4,2024-05-26,155.8,1103.8,196318.7
568,4,2024-06-09,170.9,1051.2,196994.2
569,4,2024-06-16,139.2,1066.5,197493.2
570,4,2024-06-26,148.1,1059.1,198048.9
571,4,2024-07-11,155.6,1142.1,198587.9
572,4,2024-07-20,122.4,1179.4,199073.1
573,4,2024-07-28,149.2,1189.0,199616.6
574,4,2024-08-06,174.3,1178.9,200201.3
575,4,2024-08-14,151.8,1137.8,200737.4
576,4,2024-08-28,158.5,1224.2,201335.4
577,4,2024-09-06,208.0,1139.0,202064.3
578,4,2024-09-13,138.7,1178.8,202536.2
579,4,2024-09-20,131.7,1178.7,203023.2
580,4,2024-10-02,188.0,1371.4,203705.7
581,4,2024-10-09,196.6,1356.3,204433.5
582,4,2024-10-15,166.4,1401.4,205010.4
583,4,2024-10-20,120.2,1341.1,205416.8
584,4,2024-10-28,183.3,1391.0,206048.4
585,4,2024-11-05,377.3,1366.3,206655.5
586,4,2024-11-14,172.4,1358.4,207288.5
587,4,2024-11-20,166.9,1350.8,207873.8
588,4,2024-11-24,133.7,1323.0,208327.2
589,4,2024-12-01,171.0,1386.6,208955.4
590,4,2024-12-07,157.2,1407.0,209550.9
591,4,2024-12-14,185.4,1353.4,210278.1
592,4,2024-12-18,169.9,1355.6,210875.3
593,4,2024-12-23,166.3,1364.0,211498.7
594,4,2024-12-28,153.9,1327.8,212086.2
595,5,2022-01-09,79.8,389.4,108585.9
596,5,2022-01-14,73.4,393.7,109196.7
597,5,2022-01-23,75.8,401.9,109897.0
598,5,2022-01-29,66.5,388.8,110500.0
599,5,2022-02-05,79.1,402.3,111232.7
600,5,2022-02-09,70.4,393.5,111819.7
601,5,2022-02-16,67.6,406.6,112457.3
602,5,2022-02-19,58.4,404.5,112950.9
603,5,2022-02-27,67.1,401.3,113548.5
604,5,2022-03-04,67.9,396.0,114138.3
605,5,2022-03-09,61.2,401.8,114737.0
606,5,2022-03-18,61.6,394.8,115326.8
607,5,2022-03-23,78.0,395.6,115962.3
608,5,2022-04-02,68.0,432.5,116610.7
609,5,2022-04-09,62.6,432.2,117194.0
610,5,2022-04-20,63.5,428.0,117776.7
611,5,2022-04-29,67.3,454.8,118345.0
612,5,2022-05-08,70.1,446.1,118914.5
613,5,2022-05-16,71.6,450.9,119618.6
614,5,2022-05-31,62.0,454.8,120159.4
615,5,2022-06-08,53.0,432.7,120630.8
616,5,2022-06-27,67.3,428.0,121179.5
617,5,2022-07-07,60.6,508.4,121750.3
618,5,2022-07-18,76.9,509.9,122386.5
619,5,2022-07-28,64.2,523.3,122963.4
620,5,2022-08-12,90.2,508.6,123794.5
621,5,2022-08-31,72.8,498.9,124439.9
622,5,2022-09-07,53.9,506.5,124917.4
623,5,2022-09-22,76.2,493.8,125564.7
624,5,2022-10-01,76.7,549.4,126195.5
625,5,2022-10-08,64.9,547.8,126780.1
626,5,2022-10-17,72.4,552.4,127427.8
627,5,2022-10-21,62.5,564.5,127942.8
628,5,2022-10-30,69.5,558.0,128588.3
629,5,2022-11-05,67.0,548.9,129150.3
630,5,2022-11-13,61.4,572.7,129732.0
631,5,2022-11-20,63.6,568.4,130260.4
632,5,2022-11-28,76.3,554.2,130929.9
633,5,2022-12-05,77.8,581.8,131666.6
634,5,2022-12-10,73.6,580.8,132278.8
635,5,2022-12-16,74.4,561.4,132927.3
636,5,2022-12-20,53.2,565.5,133432.6
637,5,2022-12-25,59.1,564.6,134012.0
638,5,2023-01-02,62.8,605.3,134560.7
639,5,2023-01-07,60.1,617.9,135111.6
640,5,2023-01-14,71.9,587.4,135742.1
641,5,2023-01-18,69.7,616.0,136316.4
642,5,2023-01-24,73.3,587.8,136930.9
643,5,2023-01-30,58.5,624.3,137460.1
644,5,2023-02-04,66.7,596.5,138037.4
645,5,2023-02-10,72.0,621.9,138720.9
646,5,2023-02-15,51.9,606.6,139193.5
647,5,2023-02-22,83.3,602.7,139910.1
648,5,2023-02-28,65.4,623.8,140533.8
649,5,2023-03-08,60.2,630.7,141073.4
650,5,2023-03-12,17.1,629.4,141553.4
651,5,2023-03-21,83.9,619.6,142278.6
652,5,2023-03-25,55.8,623.5,142811.5
653,5,2023-03-30,72.0,610.2,143414.3
654,5,2023-04-05,68.7,686.1,143979.0
655,5,2023-04-15,73.3,721.7,144603.1
656,5,2023-04-30,83.4,687.9,145320.4
657,5,2023-05-12,68.9,727.5,145950.8
658,5,2023-05-22,79.6,690.2,146685.8
659,5,2023-05-31,81.4,696.5,147394.1
660,5,2023-06-12,63.9,694.5,147959.9
661,5,2023-06-22,64.5,690.1,148526.9
662,5,2023-07-12,75.5,790.3,149157.6
663,5,2023-07-23,78.0,806.5,149846.2
664,5,2023-08-08,74.3,810.4,150528.5
665,5,2023-09-01,89.5,810.5,151264.0
666,5,2023-09-10,74.5,788.9,151927.8
667,5,2023-09-20,59.9,814.0,152473.6
668,5,2023-09-26,75.0,818.7,153127.7
669,5,2023-10-10,74.1,879.4,153791.5
670,5,2023-10-18,83.5,926.3,154506.1
671,5,2023-10-26,60.3,879.5,155010.5
672,5,2023-11-05,77.5,878.8,155670.6
673,5,2023-11-11,78.7,926.4,156349.9
674,5,2023-11-17,54.8,891.1,156850.7
675,5,2023-11-26,66.5,900.8,157449.7
676,5,2023-12-02,59.4,875.6,157954.4
677,5,2023-12-09,76.7,937.8,158595.8
678,5,2023-12-15,60.4,937.8,159108.2
679,5,2023-12-20,68.0,930.6,159769.7
680,5,2023-12-24,74.6,895.7,160391.4
681,5,2023-12-28,66.0,879.1,160944.6
682,5,2024-01-03,88.1,981.2,161712.1
683,5,2024-01-09,76.7,997.9,162454.0
684,5,2024-01-13,55.7,963.4,162915.5
685,5,2024-01-18,78.2,1012.7,163562.6
686,5,2024-01-23,71.4,1008.3,164182.2
687,5,2024-01-30,78.5,997.1,164898.0
688,5,2024-02-05,67.3,996.4,165551.2
689,5,2024-02-11,86.7,1006.7,166288.1
690,5,2024-02-16,69.6,945.1,166902.9
691,5,2024-02-23,90.0,1001.7,167649.7
692,5,2024-02-29,67.6,1009.1,168237.7
693,5,2024-03-07,80.7,1003.1,168926.3
694,5,2024-03-18,66.6,1000.3,169495.4
695,5,2024-03-24,64.3,994.6,170047.1
696,5,2024-03-31,56.2,990.7,170545.4
697,5,2024-04-07,77.7,1077.6,171190.7
698,5,2024-04-14,55.0,1118.1,171684.9
699,5,2024-04-24,64.4,1107.7,172288.3
700,5,2024-05-04,68.8,1108.1,172881.5
701,5,2024-05-13,79.9,1089.2,173643.2
702,5,2024-05-22,64.6,1079.3,174188.3
703,5,2024-06-06,54.8,1039.1,174674.8
704,5,2024-06-27,90.2,1112.9,175434.6
705,5,2024-07-17,73.7,1211.1,176079.4
706,5,2024-08-05,92.5,1220.6,176855.4
707,5,2024-08-16,59.5,1199.5,177414.2
708,5,2024-08-29,72.5,1199.2,178039.6
709,5,2024-09-06,70.6,1200.7,178662.8
710,5,2024-09-11,64.6,1160.2,179260.5
711,5,2024-09-22,85.0,1209.0,179954.6
712,5,2024-09-29,67.2,1169.3,180548.8
713,5,2024-10-08,75.5,1416.3,181277.7
714,5,2024-10-16,79.5,1373.2,181992.9
715,5,2024-10-24,61.8,1387.9,182507.4
716,5,2024-10-30,63.6,1414.7,183040.3
717,5,2024-11-05,82.2,1412.0,183826.8
718,5,2024-11-11,55.0,1410.7,184273.9
719,5,2024-11-17,65.8,1368.8,184829.9
720,5,2024-11-23,67.6,1403.8,185440.3
721,5,2024-12-02,65.9,1355.1,185986.4
722,5,2024-12-08,59.7,1411.4,186541.6
723,5,2024-12-11,53.9,1379.4,186994.3
724,5,2024-12-16,64.9,1321.5,187564.2
725,5,2024-12-24,76.1,1352.0,188228.9
726,5,2024-12-31,64.3,1358.0,188765.5
727,6,2022-01-08,107.4,395.3,110603.9
728,6,2022-01-14,112.8,404.0,111276.7
729,6,2022-01-19,116.8,391.3,111908.8
730,6,2022-01-26,90.8,388.2,112435.9
731,6,2022-01-29,74.7,406.8,112834.2
732,6,2022-02-04,86.1,391.2,113283.5
733,6,2022-02-11,92.9,400.1,113750.0
734,6,2022-02-18,81.0,404.4,114194.9
735,6,2022-02-25,124.3,394.0,114845.5
736,6,2022-02-28,92.6,388.5,115320.6
737,6,2022-03-04,92.8,386.5,115815.4
738,6,2022-03-09,105.8,396.8,116361.0
739,6,2022-03-15,108.5,403.7,116990.9
740,6,2022-03-20,93.9,401.2,117478.3
741,6,2022-03-23,107.5,396.1,118042.4
742,6,2022-03-27,110.7,397.6,118644.0
743,6,2022-03-31,78.2,389.4,119070.5
744,6,2022-04-05,90.5,444.4,119532.8
745,6,2022-04-11,76.3,455.7,119984.7
746,6,2022-04-19,96.7,454.2,120526.8
747,6,2022-04-28,92.9,437.8,121081.4
748,6,2022-05-11,33.8,447.4,121684.8
749,6,2022-05-25,89.8,451.3,122184.8
750,6,2022-06-03,92.9,456.7,122651.4
751,6,2022-06-10,115.1,439.4,123226.1
752,6,2022-06-20,93.1,427.4,123748.8
753,6,2022-06-29,99.4,439.0,124286.9
754,6,2022-07-05,97.7,517.5,124809.2
755,6,2022-07-17,107.0,498.7,125395.4
756,6,2022-08-01,87.2,509.1,125874.8
757,6,2022-08-06,104.2,514.1,126413.7
758,6,2022-08-11,104.4,502.4,126936.8
759,6,2022-08-16,79.2,500.8,127338.8
760,6,2022-08-21,77.3,511.8,127800.2
761,6,2022-09-05,83.5,513.7,128224.3
762,6,2022-09-12,92.1,488.9,128682.9
763,6,2022-09-21,97.3,516.2,129251.2
764,6,2022-09-28,79.6,491.8,129666.7
765,6,2022-10-09,102.8,553.3,130181.7
766,6,2022-10-17,90.3,576.6,130689.1
767,6,2022-10-23,95.3,566.2,131247.8
768,6,2022-10-27,71.1,560.4,131643.6
769,6,2022-11-06,106.7,553.1,132191.2
770,6,2022-11-11,104.1,558.6,132783.0
771,6,2022-11-16,118.0,579.7,133399.8
772,6,2022-11-22,111.1,564.4,133955.3
773,6,2022-11-27,90.3,557.3,134420.5
774,6,2022-12-07,94.8,586.6,134914.0
775,6,2022-12-10,78.0,576.4,135301.6
776,6,2022-12-16,107.1,587.7,135899.6
777,6,2022-12-23,86.6,572.9,136333.6
778,6,2022-12-29,90.9,575.8,136831.9
779,6,2023-01-03,80.3,632.7,137294.6
780,6,2023-01-07,83.0,618.3,137767.9
781,6,2023-01-10,72.4,608.6,138193.6
782,6,2023-01-14,94.3,596.6,138668.1
783,6,2023-01-20,128.9,624.9,139323.6
784,6,2023-01-24,73.8,595.2,139755.5
785,6,2023-01-28,100.8,612.0,140311.5
786,6,2023-01-31,90.8,615.4,140787.6
787,6,2023-02-05,92.2,624.0,141247.3
788,6,2023-02-11,96.0,609.0,141726.1
789,6,2023-02-17,89.3,597.0,142227.2
790,6,2023-02-22,84.6,589.2,142721.1
791,6,2023-03-01,109.6,632.0,143317.1
792,6,2023-03-05,88.3,597.3,143820.8
793,6,2023-03-10,67.6,593.8,144179.0
794,6,2023-03-14,100.1,596.8,144716.1
795,6,2023-03-21,99.3,600.5,145225.2
796,6,2023-03-27,101.9,632.2,145801.5
797,6,2023-04-06,94.5,699.9,146273.5
798,6,2023-04-14,109.5,702.9,146845.9
799,6,2023-04-20,98.1,714.5,147379.1
800,6,2023-04-30,80.5,722.5,147786.7
801,6,2023-05-10,86.6,679.4,148260.5
802,6,2023-05-22,108.9,711.1,148847.3
803,6,2023-06-04,127.0,684.8,149525.2
804,6,2023-06-17,107.0,698.2,150094.1
805,6,2023-06-28,80.4,721.5,150511.3
806,6,2023-07-07,102.7,789.3,151060.1
807,6,2023-07-19,110.1,812.4,151656.8
808,6,2023-07-24,70.9,773.3,152014.0
809,6,2023-08-04,97.7,788.4,152506.3
810,6,2023-08-12,90.0,797.8,153011.6
811,6,2023-08-21,106.0,807.6,153602.6
812,6,2023-08-28,89.3,822.2,154068.7
813,6,2023-09-06,91.7,803.6,154542.6
814,6,2023-09-12,75.5,824.7,154954.3
815,6,2023-09-16,109.6,786.4,155519.5
816,6,2023-09-23,84.1,810.2,156014.0
817,6,2023-10-03,110.4,928.8,156575.6
818,6,2023-10-07,95.8,878.6,157107.8
819,6,2023-10-15,103.9,880.3,157692.3
820,6,2023-10-25,85.9,884.7,158141.5
821,6,2023-10-31,83.7,940.5,158635.1
822,6,2023-11-06,80.7,915.6,159118.1
823,6,2023-11-10,96.7,876.4,159674.6
824,6,2023-11-15,84.9,942.8,160146.6
825,6,2023-11-21,123.2,889.8,160841.9
826,6,2023-11-24,73.4,943.6,161283.7
827,6,2023-11-29,95.3,933.4,161772.4
828,6,2023-12-04,108.5,939.1,162336.8
829,6,2023-12-08,81.8,905.1,162761.4
830,6,2023-12-13,90.6,892.1,163274.0
831,6,2023-12-19,101.6,894.3,163820.7
832,6,2023-12-23,100.9,927.3,164383.3
833,6,2023-12-29,99.5,909.3,164911.5
834,6,2024-01-04,104.6,945.7,165472.8
835,6,2024-01-08,113.7,966.5,166084.2
836,6,2024-01-12,100.5,999.7,166599.3
837,6,2024-01-21,116.0,938.6,167219.2
838,6,2024-01-25,78.5,1000.5,167615.4
839,6,2024-02-01,107.7,985.0,168175.1
840,6,2024-02-07,102.3,1014.5,168729.2
841,6,2024-02-12,23.3,940.3,169162.8
842,6,2024-02-18,92.8,957.8,169666.3
843,6,2024-02-24,91.7,987.1,170205.3
844,6,2024-02-27,84.5,953.6,170630.1
845,6,2024-03-03,76.1,961.0,171059.1
846,6,2024-03-15,102.4,983.9,171580.4
847,6,2024-03-21,99.3,994.5,172134.5
848,6,2024-03-24,102.4,961.9,172674.8
849,6,2024-03-31,105.2,1003.8,173200.6
850,6,2024-04-08,104.8,1086.3,173791.5
851,6,2024-04-16,97.5,1037.6,174340.4
852,6,2024-04-22,91.6,1085.8,174888.2
853,6,2024-04-30,96.0,1114.2,175407.8
854,6,2024-05-10,81.3,1111.8,175898.0
855,6,2024-05-20,85.9,1094.3,176384.6
856,6,2024-05-30,96.3,1073.2,176888.0
857,6,2024-06-11,100.8,1088.7,177409.9
858,6,2024-06-24,89.4,1051.0,177856.8
859,6,2024-07-04,108.1,1188.1,178421.4
860,6,2024-07-11,83.2,1137.9,178861.4
861,6,2024-07-21,71.3,1202.8,179269.3
862,6,2024-07-31,94.9,1199.8,179804.7
863,6,2024-08-06,94.4,1221.2,180276.8
864,6,2024-08-10,202.0,1194.9,180792.4
865,6,2024-08-19,89.4,1212.0,181267.8
866,6,2024-08-27,93.8,1157.7,181802.0
867,6,2024-09-05,88.8,1155.6,182335.1
868,6,2024-09-12,118.0,1171.9,182965.0
869,6,2024-09-20,101.2,1231.0,183483.4
870,6,2024-09-27,112.4,1142.0,184082.6
871,6,2024-10-05,83.3,1313.5,184509.1
872,6,2024-10-10,97.1,1411.4,185053.4
873,6,2024-10-17,88.3,1382.8,185511.5
874,6,2024-10-27,124.0,1398.2,186134.1
875,6,2024-11-01,70.9,1381.6,186496.8
876,6,2024-11-07,103.1,1407.1,187063.0
877,6,2024-11-11,95.7,1354.2,187556.3
878,6,2024-11-19,83.0,1417.1,188039.1
879,6,2024-11-23,91.2,1390.9,188546.4
880,6,2024-11-29,80.9,1350.5,189013.6
881,6,2024-12-05,127.4,1342.2,189656.9
882,6,2024-12-11,114.0,1315.1,190307.7
883,6,2024-12-15,95.8,1326.5,190841.6
884,6,2024-12-19,96.4,1331.2,191328.7
885,6,2024-12-23,74.1,1402.9,191701.1
886,6,2024-12-28,94.3,1349.3,192172.5
887,7,2022-01-08,87.0,390.5,115902.7
888,7,2022-01-11,79.5,394.6,116307.6
889,7,2022-01-17,77.7,398.6,116752.3
890,7,2022-01-22,99.5,405.6,117327.0
891,7,2022-01-27,83.7,396.9,117810.9
892,7,2022-01-31,76.6,388.1,118228.6
893,7,2022-02-08,271.7,396.0,118842.0
894,7,2022-02-14,91.2,404.9,119304.4
895,7,2022-02-17,90.4,397.2,119783.4
896,7,2022-02-24,92.4,399.3,120276.9
897,7,2022-02-28,92.7,383.4,120783.6
898,7,2022-03-13,110.7,396.8,121351.7
899,7,2022-03-21,109.7,406.6,121904.3
900,7,2022-03-30,86.3,414.0,122423.1
901,7,2022-04-06,102.1,422.7,122978.8
902,7,2022-04-12,102.4,455.8,123533.0
903,7,2022-04-20,107.5,439.9,124096.7
904,7,2022-04-28,108.5,427.7,124705.3
905,7,2022-05-02,80.6,427.9,125122.2
906,7,2022-05-09,72.8,439.7,125532.3
907,7,2022-05-17,97.0,441.2,126045.9
908,7,2022-05-24,116.1,432.4,126633.9
909,7,2022-06-01,108.6,454.0,127187.1
910,7,2022-06-06,84.2,444.2,127613.6
911,7,2022-06-16,125.6,422.9,128238.8
912,7,2022-06-29,73.7,456.9,128650.2
913,7,2022-07-14,102.3,511.7,129168.1
914,7,2022-07-20,106.3,523.1,129738.6
915,7,2022-07-31,124.6,495.2,130430.2
916,7,2022-08-12,99.5,521.6,130980.8
917,7,2022-08-26,104.0,521.6,131608.4
918,7,2022-09-05,119.9,486.0,132237.3
919,7,2022-09-14,97.0,492.0,132762.6
920,7,2022-09-23,105.3,509.7,133344.9
921,7,2022-10-04,117.2,591.3,133967.1
922,7,2022-10-09,75.9,590.0,134378.3
923,7,2022-10-17,270.7,568.7,134908.9
924,7,2022-10-22,92.5,556.3,135420.5
925,7,2022-11-01,84.2,571.3,135911.8
926,7,2022-11-08,99.0,581.6,136433.8
927,7,2022-11-16,103.3,566.0,136962.3
928,7,2022-11-22,82.1,558.2,137419.0
929,7,2022-11-28,101.3,564.2,138000.3
930,7,2022-12-02,103.0,583.3,138560.2
931,7,2022-12-08,118.3,558.3,139167.4
932,7,2022-12-14,101.6,562.1,139738.0
933,7,2022-12-19,151.8,590.6,140529.3
934,7,2022-12-26,98.7,585.9,141074.4
935,7,2023-01-01,102.7,617.8,141647.5
936,7,2023-01-06,97.1,614.9,142212.1
937,7,2023-01-11,96.6,601.3,142771.6
938,7,2023-01-21,112.2,596.2,143372.4
939,7,2023-01-25,100.1,615.6,143871.4
940,7,2023-01-31,96.8,623.2,144370.1
941,7,2023-02-06,111.3,600.5,144954.4
942,7,2023-02-14,107.3,597.5,145527.4
943,7,2023-02-19,84.9,612.3,145985.8
944,7,2023-02-23,97.0,620.1,146542.3
945,7,2023-02-27,113.8,584.9,147133.8
946,7,2023-03-05,81.4,610.4,147599.1
947,7,2023-03-09,80.3,597.3,147999.6
948,7,2023-03-17,70.1,594.7,148392.2
949,7,2023-03-25,91.5,612.5,148902.3
950,7,2023-03-31,74.8,630.0,149321.4
951,7,2023-04-06,106.3,696.4,149865.2
952,7,2023-04-17,114.2,728.4,150443.5
953,7,2023-04-24,81.8,687.0,150882.4
954,7,2023-05-01,76.1,680.0,151314.3
955,7,2023-05-19,96.1,696.5,151825.6
956,7,2023-05-31,108.6,713.0,152443.1
957,7,2023-06-06,88.3,682.0,152937.7
958,7,2023-06-13,106.0,723.8,153481.4
959,7,2023-06-19,191.4,720.0,153880.5
960,7,2023-06-26,111.7,728.3,154501.4
961,7,2023-07-09,111.3,774.1,155100.5
962,7,2023-07-26,99.5,785.9,155636.4
963,7,2023-08-04,71.2,829.9,156000.2
964,7,2023-08-15,103.2,780.6,156581.5
965,7,2023-08-21,76.4,829.6,157006.9
966,7,2023-08-28,95.4,799.6,157491.6
967,7,2023-09-07,86.9,827.7,157935.5
968,7,2023-09-12,81.6,816.2,158363.8
969,7,2023-09-22,104.3,809.4,158909.3
970,7,2023-09-28,78.6,776.1,159371.2
971,7,2023-10-06,290.4,945.8,159981.0
972,7,2023-10-15,119.7,887.1,160594.5
973,7,2023-10-22,91.2,877.8,161115.4
974,7,2023-10-29,97.4,927.4,161681.6
975,7,2023-11-06,91.8,896.1,162172.0
976,7,2023-11-10,85.0,898.8,162598.5
977,7,2023-11-19,94.3,943.3,163091.8
978,7,2023-11-23,83.7,940.3,163553.2
979,7,2023-11-30,133.4,895.1,164243.3
980,7,2023-12-05,86.6,889.6,164707.4
981,7,2023-12-09,99.0,920.0,165239.1
982,7,2023-12-14,110.5,891.5,165854.1
983,7,2023-12-18,85.1,903.2,166277.8
984,7,2023-12-25,115.7,913.8,166893.1
985,7,2023-12-29,90.4,942.2,167435.2
986,7,2024-01-02,83.3,947.1,167874.5
987,7,2024-01-09,124.6,939.9,168559.9
988,7,2024-01-17,102.6,1014.3,169072.6
989,7,2024-01-22,90.5,1001.7,169558.4
990,7,2024-01-25,83.6,949.0,169978.9
991,7,2024-01-31,97.2,985.7,170540.6
992,7,2024-02-07,115.7,1016.0,171230.4
993,7,2024-02-12,94.9,969.1,171758.5
994,7,2024-02-17,86.8,997.6,172207.8
995,7,2024-02-23,102.7,1011.2,172749.3
996,7,2024-02-26,85.5,1014.4,173216.0
997,7,2024-03-01,101.0,963.3,173740.4
998,7,2024-03-05,86.8,969.6,174252.8
999,7,2024-03-10,32.4,992.0,174846.6
1000,7,2024-03-15,94.0,955.3,175339.0
1001,7,2024-03-20,88.7,1008.2,175834.6
1002,7,2024-03-27,94.2,962.1,176308.6
1003,7,2024-04-02,93.1,1097.2,176781.9
1004,7,2024-04-10,112.7,1087.3,177379.5
1005,7,2024-04-19,74.0,1050.9,177790.7
1006,7,2024-04-25,101.8,1090.9,178311.2
1007,7,2024-05-02,83.7,1054.0,178735.4
1008,7,2024-05-06,96.9,1051.6,179225.0
1009,7,2024-05-15,111.9,1046.9,179805.1
1010,7,2024-05-24,99.1,1099.2,180330.9
1011,7,2024-06-04,106.1,1063.8,180901.2
1012,7,2024-06-11,84.7,1074.3,181356.8
1013,7,2024-06-20,90.9,1105.5,181828.2
1014,7,2024-07-01,95.2,1204.9,182315.8
1015,7,2024-07-13,111.9,1226.8,182979.0
1016,7,2024-07-26,124.8,1189.7,183601.8
1017,7,2024-08-08,104.7,1209.7,184132.2
1018,7,2024-08-24,103.2,1219.3,184714.4
1019,7,2024-08-31,81.3,1146.0,185133.4
1020,7,2024-09-07,78.2,1189.7,185528.7
1021,7,2024-09-16,114.7,1186.9,186167.0
1022,7,2024-09-23,89.8,1212.6,186677.7
1023,7,2024-09-29,112.9,1210.7,187255.6
1024,7,2024-10-07,124.2,1408.0,187879.3
1025,7,2024-10-13,229.6,1328.7,188411.8
1026,7,2024-10-19,96.2,1342.5,188893.8
1027,7,2024-10-27,87.0,1322.6,189401.0
1028,7,2024-11-03,108.3,1387.0,189954.6
1029,7,2024-11-09,111.2,1336.2,190513.1
1030,7,2024-11-14,183.6,1345.4,190923.1
1031,7,2024-11-24,117.0,1398.4,191547.1
1032,7,2024-12-01,92.6,1406.6,192029.1
1033,7,2024-12-08,97.9,1386.9,192523.7
1034,7,2024-12-12,99.3,1368.4,193075.4
1035,7,2024-12-16,86.7,1369.4,193539.9
1036,7,2024-12-20,86.6,1380.7,194017.5
1037,7,2024-12-25,105.4,1382.0,194562.5
1038,7,2024-12-29,86.5,1383.4,195052.9
1039,8,2022-01-11,101.4,400.4,125222.8
1040,8,2022-01-17,158.2,383.7,125903.8
1041,8,2022-01-24,98.3,385.6,126388.8
1042,8,2022-01-31,157.9,392.3,127031.0
1043,8,2022-02-05,112.1,392.4,127534.6
1044,8,2022-02-13,131.4,400.1,128158.4
1045,8,2022-02-17,108.8,403.1,128606.1
1046,8,2022-02-23,131.2,386.2,129140.1
1047,8,2022-03-03,144.2,409.7,129769.5
1048,8,2022-03-07,93.6,398.3,130229.0
1049,8,2022-03-12,100.5,387.4,130709.9
1050,8,2022-03-20,119.2,386.3,131243.6
1051,8,2022-03-23,84.6,407.2,131605.0
1052,8,2022-03-28,132.8,407.7,132193.1
1053,8,2022-04-07,141.4,426.3,132768.1
1054,8,2022-04-17,103.9,433.7,133252.5
1055,8,2022-05-01,130.7,449.2,133813.6
1056,8,2022-05-11,108.4,427.7,134322.6
1057,8,2022-05-18,126.4,436.7,134868.3
1058,8,2022-05-31,155.5,428.2,135528.4
1059,8,2022-06-11,114.6,447.4,135996.9
1060,8,2022-06-21,122.8,451.9,136512.1
1061,8,2022-07-05,97.8,494.7,136956.0
1062,8,2022-07-09,27.1,520.0,137354.3
1063,8,2022-07-21,166.8,514.7,138048.3
1064,8,2022-08-02,150.0,512.5,138670.4
1065,8,2022-08-13,142.1,509.5,139317.7
1066,8,2022-08-20,122.2,507.4,139852.0
1067,8,2022-08-26,119.7,488.9,140397.1
1068,8,2022-09-03,117.5,499.0,140952.8
1069,8,2022-09-12,144.1,518.6,141577.0
1070,8,2022-09-20,88.8,490.3,141945.1
1071,8,2022-10-05,115.1,547.8,142448.4
1072,8,2022-10-11,119.7,557.0,142993.1
1073,8,2022-10-17,101.7,561.8,143413.4
1074,8,2022-10-29,153.6,574.4,144115.9
1075,8,2022-11-04,101.3,580.1,144593.4
1076,8,2022-11-10,127.8,589.9,145166.5
1077,8,2022-11-17,113.1,589.7,145628.5
1078,8,2022-11-22,98.2,549.3,146099.4
1079,8,2022-11-28,119.9,553.3,146611.2
1080,8,2022-12-04,104.1,546.2,147059.8
1081,8,2022-12-08,114.3,553.7,147563.5
1082,8,2022-12-13,113.3,583.8,148034.6
1083,8,2022-12-17,111.4,574.6,148493.3
1084,8,2022-12-22,131.2,590.6,149050.6
1085,8,2022-12-27,108.5,588.6,149547.3
1086,8,2023-01-01,120.6,585.5,150112.7
1087,8,2023-01-04,88.8,585.6,150504.8
1088,8,2023-01-10,117.5,618.6,151013.5
1089,8,2023-01-15,151.1,621.1,151658.5
1090,8,2023-01-19,126.7,627.2,152180.5
1091,8,2023-01-24,111.6,590.8,152726.6
1092,8,2023-01-28,104.8,632.3,153216.4
1093,8,2023-02-03,139.8,615.0,153800.9
1094,8,2023-02-08,140.5,593.5,154429.7
1095,8,2023-02-14,117.7,616.3,154985.0
1096,8,2023-02-22,128.0,601.6,155574.6
1097,8,2023-02-27,129.0,604.7,156115.4
1098,8,2023-03-07,134.3,602.9,156702.4
1099,8,2023-03-13,142.8,619.5,157312.7
1100,8,2023-03-18,135.7,608.2,157865.0
1101,8,2023-03-24,106.5,625.5,158333.6
1102,8,2023-03-28,119.9,596.5,158832.6
1103,8,2023-04-04,128.4,677.5,159414.0
1104,8,2023-04-12,114.7,688.9,159931.8
1105,8,2023-04-23,151.4,705.5,160627.7
1106,8,2023-04-30,135.3,724.8,161241.6
1107,8,2023-05-08,116.5,685.7,161797.4
1108,8,2023-05-17,132.5,678.1,162388.6
1109,8,2023-05-25,121.5,718.1,162904.6
1110,8,2023-06-08,119.8,684.3,163464.8
1111,8,2023-06-15,109.4,695.9,163911.7
1112,8,2023-07-04,87.3,828.6,164321.4
1113,8,2023-07-16,114.7,778.4,164787.3
1114,8,2023-07-25,143.7,817.7,165389.3
1115,8,2023-08-06,143.8,811.8,166055.7
1116,8,2023-08-16,120.7,791.4,166584.0
1117,8,2023-08-24,118.0,820.9,167089.7
1118,8,2023-09-03,116.2,813.2,167562.7
1119,8,2023-09-11,138.5,772.2,168134.3
1120,8,2023-09-19,125.7,788.1,168657.8
1121,8,2023-09-30,147.4,794.0,169269.8
1122,8,2023-10-05,94.5,903.1,169728.7
1123,8,2023-10-12,88.0,892.4,170099.9
1124,8,2023-10-20,121.5,915.4,170626.5
1125,8,2023-10-25,109.4,931.1,171079.6
1126,8,2023-10-30,97.4,913.2,171499.0
1127,8,2023-11-08,108.6,919.2,172030.0
1128,8,2023-11-15,309.9,935.5,172611.9
1129,8,2023-11-21,98.3,876.2,173023.1
1130,8,2023-11-27,145.0,918.7,173613.4
1131,8,2023-12-02,91.0,893.7,174018.0
1132,8,2023-12-09,138.8,916.3,174613.6
1133,8,2023-12-14,110.8,910.3,175111.0
1134,8,2023-12-21,145.9,914.8,175745.0
1135,8,2023-12-27,113.5,923.0,176224.1
1136,8,2023-12-31,124.6,883.8,176767.4
1137,8,2024-01-04,115.9,1005.5,177310.8
1138,8,2024-01-09,115.8,940.9,177783.0
1139,8,2024-01-13,126.2,992.0,178388.2
1140,8,2024-01-19,138.9,997.2,179000.6
1141,8,2024-01-23,114.7,993.8,179491.8
1142,8,2024-01-28,109.1,1000.8,179939.4
1143,8,2024-02-01,127.0,1014.3,180543.4
1144,8,2024-02-07,126.2,986.7,181136.6
1145,8,2024-02-11,112.3,966.7,181689.0
1146,8,2024-02-18,152.4,988.1,182387.5
1147,8,2024-02-24,126.3,969.2,182903.9
1148,8,2024-03-03,143.2,992.2,183487.4
1149,8,2024-03-10,135.4,994.7,184082.5
1150,8,2024-03-16,91.2,1011.1,184465.7
1151,8,2024-03-22,123.6,940.7,184975.1
1152,8,2024-03-30,141.2,980.5,185567.5
1153,8,2024-04-10,136.2,1121.9,186150.7
1154,8,2024-04-20,130.2,1082.1,186711.9
1155,8,2024-04-27,290.2,1092.0,187246.1
1156,8,2024-05-03,115.6,1084.8,187748.9
1157,8,2024-05-22,108.9,1084.7,188214.3
1158,8,2024-05-28,96.0,1056.1,188624.8
1159,8,2024-06-08,134.7,1115.6,189199.9
1160,8,2024-06-23,136.6,1096.4,189805.3
1161,8,2024-07-03,126.9,1226.8,190321.9
1162,8,2024-07-16,123.8,1153.3,190863.5
1163,8,2024-07-22,132.0,1200.1,191468.2
1164,8,2024-08-05,123.3,1195.3,192010.1
1165,8,2024-08-11,122.9,1178.0,192521.2
1166,8,2024-08-19,125.5,1201.2,193049.5
1167,8,2024-08-25,140.4,1162.4,193692.8
1168,8,2024-09-05,140.6,1219.9,194263.9
1169,8,2024-09-12,119.4,1193.4,194806.2
1170,8,2024-09-18,126.2,1164.9,195425.9
1171,8,2024-09-24,105.1,1155.0,195928.3
1172,8,2024-10-03,133.8,1323.6,196559.1
1173,8,2024-10-13,146.7,1378.0,197162.6
1174,8,2024-10-20,121.2,1403.5,197728.9
1175,8,2024-10-26,126.4,1337.3,198280.6
1176,8,2024-11-02,93.9,1330.3,198709.3
1177,8,2024-11-10,88.3,1366.8,199093.4
1178,8,2024-11-15,104.5,1408.7,199534.0
1179,8,2024-11-21,123.3,1358.9,200140.3
1180,8,2024-11-29,137.5,1338.4,200758.7
1181,8,2024-12-05,136.8,1396.0,201343.1
1182,8,2024-12-09,92.1,1367.5,201729.5
1183,8,2024-12-14,141.9,1409.7,202377.5
1184,8,2024-12-19,232.8,1342.4,202839.3
1185,8,2024-12-22,99.9,1390.9,203275.3
1186,8,2024-12-26,104.5,1345.0,203746.4
1187,8,2024-12-30,270.7,1354.7,204241.7
1188,9,2022-01-09,135.1,396.7,126485.5
1189,9,2022-01-13,123.5,382.4,127014.0
1190,9,2022-01-17,106.0,388.0,127477.6
1191,9,2022-01-21,118.3,383.3,128016.2
1192,9,2022-01-27,113.4,401.7,128565.0
1193,9,2022-02-02,146.1,395.7,129165.8
1194,9,2022-02-05,91.8,408.3,129543.4
1195,9,2022-02-09,123.7,387.7,130061.3
1196,9,2022-02-15,113.9,406.0,130597.8
1197,9,2022-02-21,137.5,408.4,131166.3
1198,9,2022-02-28,137.7,401.2,131755.6
1199,9,2022-03-04,116.0,402.4,132238.4
1200,9,2022-03-13,141.6,399.2,132824.4
1201,9,2022-03-17,113.1,407.5,133312.6
1202,9,2022-03-25,111.2,391.2,133773.8
1203,9,2022-04-03,101.8,442.0,134252.9
1204,9,2022-04-09,31.8,456.8,134721.0
1205,9,2022-04-25,127.5,438.0,135295.3
1206,9,2022-05-08,124.2,440.6,135835.8
1207,9,2022-05-22,139.0,426.3,136416.3
1208,9,2022-05-25,103.3,455.6,136867.9
1209,9,2022-06-01,126.8,434.4,137447.7
1210,9,2022-06-11,127.9,446.9,138019.6
1211,9,2022-06-22,92.6,433.1,138396.8
1212,9,2022-07-05,142.2,494.1,139014.0
1213,9,2022-07-17,137.3,518.8,139578.6
1214,9,2022-07-28,117.5,519.5,140055.5
1215,9,2022-08-09,146.3,502.4,140687.6
1216,9,2022-08-20,33.8,500.0,141243.6
1217,9,2022-09-03,137.8,486.2,141859.6
1218,9,2022-09-16,125.0,515.6,142375.6
1219,9,2022-09-21,106.6,492.5,142831.5
1220,9,2022-09-29,120.0,489.9,143346.3
1221,9,2022-10-07,123.9,590.3,143881.7
1222,9,2022-10-11,124.2,575.8,144391.6
1223,9,2022-10-17,104.9,561.0,144870.8
1224,9,2022-10-24,149.6,556.3,145562.8
1225,9,2022-11-01,100.5,551.8,146058.1
1226,9,2022-11-09,103.4,555.7,146489.6
1227,9,2022-11-15,134.5,552.4,147052.9
1228,9,2022-11-20,109.0,567.8,147546.7
1229,9,2022-11-24,124.6,582.1,148120.0
1230,9,2022-11-28,101.4,551.0,148583.2
1231,9,2022-12-03,128.3,586.5,149154.7
1232,9,2022-12-08,111.8,576.2,149631.2
1233,9,2022-12-14,158.6,557.2,150327.0
1234,9,2022-12-20,110.8,550.6,150874.6
1235,9,2022-12-26,131.2,572.0,151460.4
1236,9,2022-12-31,304.7,571.8,151991.2
1237,9,2023-01-05,155.1,619.0,152656.7
1238,9,2023-01-10,128.5,587.1,153203.8
1239,9,2023-01-14,111.3,596.2,153722.9
1240,9,2023-01-19,135.8,600.5,154393.6
1241,9,2023-01-24,105.3,622.5,154909.5
1242,9,2023-01-29,139.2,602.3,155485.9
1243,9,2023-02-05,154.5,622.5,156178.2
1244,9,2023-02-10,113.1,620.2,156715.3
1245,9,2023-02-15,127.9,630.5,157249.2
1246,9,2023-02-19,95.1,598.9,157673.3
1247,9,2023-02-26,125.8,632.1,158242.2
1248,9,2023-03-03,106.1,608.7,158683.0
1249,9,2023-03-12,90.0,618.7,159078.4
1250,9,2023-03-17,161.0,594.9,159755.3
1251,9,2023-03-22,117.5,602.9,160292.4
1252,9,2023-04-01,155.9,716.4,160933.0
1253,9,2023-04-09,128.2,707.9,161468.9
1254,9,2023-04-17,109.7,703.4,161960.7
1255,9,2023-04-28,125.7,720.7,162571.4
1256,9,2023-05-03,118.6,716.9,163143.3
1257,9,2023-05-09,119.3,677.3,163656.7
1258,9,2023-05-19,134.7,708.5,164236.0
1259,9,2023-05-30,118.6,721.4,164775.5
1260,9,2023-06-14,140.5,691.1,165381.4
1261,9,2023-06-20,120.1,680.8,165872.0
1262,9,2023-07-10,83.5,775.2,166236.0
1263,9,2023-07-17,132.1,787.1,166851.0
1264,9,2023-07-27,167.1,802.9,167530.5
1265,9,2023-08-01,112.4,825.4,168054.4
1266,9,2023-08-08,145.5,830.4,168716.3
1267,9,2023-08-17,127.0,784.4,169317.5
1268,9,2023-08-26,95.6,795.8,169783.0
1269,9,2023-09-01,142.3,784.8,170382.4
1270,9,2023-09-14,132.1,825.7,170923.4
1271,9,2023-09-23,135.3,807.5,171584.6
1272,9,2023-10-02,125.7,886.4,172139.3
1273,9,2023-10-09,103.5,943.9,172587.2
1274,9,2023-10-14,125.9,944.6,173108.0
1275,9,2023-10-22,157.5,899.9,173781.4
1276,9,2023-10-31,124.7,935.9,174308.9
1277,9,2023-11-04,114.2,942.2,174778.6
1278,9,2023-11-08,103.7,935.9,175283.1
1279,9,2023-11-15,114.7,935.1,175801.1
1280,9,2023-11-23,133.0,930.9,176358.9
1281,9,2023-11-29,132.8,924.4,176954.2
1282,9,2023-12-04,134.9,905.7,177521.3
1283,9,2023-12-10,142.8,938.3,178129.9
1284,9,2023-12-14,140.0,930.5,178704.9
1285,9,2023-12-18,108.8,896.5,179181.7
1286,9,2023-12-24,131.9,924.3,179760.6
1287,9,2023-12-28,100.0,946.7,180237.4
1288,9,2023-12-31,113.3,914.4,180699.9
1289,9,2024-01-04,112.3,963.3,181157.5
1290,9,2024-01-08,107.8,1002.0,181617.6
1291,9,2024-01-11,97.6,973.9,182036.1
1292,9,2024-01-15,121.0,986.9,182547.6
1293,9,2024-01-19,109.8,961.1,183067.7
1294,9,2024-01-23,118.8,971.7,183572.3
1295,9,2024-01-27,121.1,979.7,184077.6
1296,9,2024-02-01,134.4,955.8,184675.5
1297,9,2024-02-06,128.6,970.1,185212.2
1298,9,2024-02-10,103.3,988.7,185632.8
1299,9,2024-02-13,114.1,986.3,186141.6
1300,9,2024-02-18,118.7,960.0,186664.2
1301,9,2024-02-21,92.6,986.0,187040.3
1302,9,2024-02-26,122.0,974.4,187536.9
1303,9,2024-03-03,266.9,998.6,188048.2
1304,9,2024-03-12,119.5,988.6,188562.3
1305,9,2024-03-20,113.3,1002.6,189049.3
1306,9,2024-03-25,135.0,961.8,189617.9
1307,9,2024-04-01,135.4,1076.9,190193.7
1308,9,2024-04-17,170.0,1081.9,190891.5
1309,9,2024-04-27,135.8,1045.5,191448.5
1310,9,2024-05-08,93.8,1056.5,191884.3
1311,9,2024-05-16,136.1,1101.0,192542.1
1312,9,2024-05-24,123.7,1092.8,193101.2
1313,9,2024-06-03,115.0,1065.2,193633.4
1314,9,2024-06-14,103.5,1057.8,194070.9
1315,9,2024-06-21,127.2,1073.1,194637.0
1316,9,2024-07-06,147.9,1174.5,195274.4
1317,9,2024-07-19,120.4,1229.6,195862.8
1318,9,2024-07-26,117.2,1159.4,196339.0
1319,9,2024-08-07,125.7,1159.2,196861.9
1320,9,2024-08-16,107.2,1181.4,197364.9
1321,9,2024-08-31,114.2,1167.0,197916.8
1322,9,2024-09-04,311.0,1214.1,198431.9
1323,9,2024-09-16,135.3,1195.9,198984.6
1324,9,2024-09-29,152.3,1224.5,199708.4
1325,9,2024-10-05,137.3,1396.8,200333.9
1326,9,2024-10-12,120.0,1415.9,200873.4
1327,9,2024-10-20,128.6,1393.7,201401.1
1328,9,2024-10-30,136.9,1386.3,202051.1
1329,9,2024-11-08,132.3,1410.8,202634.7
1330,9,2024-11-14,108.9,1348.0,203116.8
1331,9,2024-11-18,100.0,1323.9,203544.6
1332,9,2024-11-26,139.7,1401.5,204208.5
1333,9,2024-12-02,114.6,1416.9,204769.8
1334,9,2024-12-07,129.5,1404.2,205306.3
1335,9,2024-12-11,126.1,1325.9,205866.4
1336,9,2024-12-15,115.8,1389.3,206356.9
1337,9,2024-12-19,103.6,1419.8,206829.8
1338,9,2024-12-23,122.8,1403.7,207381.8
1339,9,2024-12-28,159.4,1360.1,208052.2
1340,10,2023-06-15,70.4,699.4,605.8
1341,10,2023-06-28,61.4,699.6,1137.8
1342,10,2023-07-07,57.0,782.6,1717.4
1343,10,2023-07-17,64.8,823.6,2295.9
1344,10,2023-08-01,59.6,811.1,2819.5
1345,10,2023-08-17,50.3,779.1,3279.3
1346,10,2023-08-29,65.1,795.3,3884.9
1347,10,2023-09-14,65.9,829.2,4479.9
1348,10,2023-09-20,54.9,786.2,4965.2
1349,10,2023-09-28,67.6,779.0,5549.9
1350,10,2023-10-06,58.8,878.0,6080.0
1351,10,2023-10-12,64.8,877.1,6656.4
1352,10,2023-10-20,76.1,934.8,7403.1
1353,10,2023-10-28,61.2,944.2,7951.7
1354,10,2023-11-07,70.7,879.3,8597.1
1355,10,2023-11-15,59.9,922.7,9167.1
1356,10,2023-11-24,68.7,928.1,9853.9
1357,10,2023-11-28,49.1,921.6,10344.6
1358,10,2023-12-06,65.7,939.2,11002.9
1359,10,2023-12-11,60.0,881.6,11614.1
1360,10,2023-12-15,55.8,947.0,12110.8
1361,10,2023-12-19,60.1,928.4,12679.1
1362,10,2023-12-23,55.3,908.3,13180.8
1363,10,2023-12-27,50.8,892.0,13659.0
1364,10,2024-01-01,53.5,982.0,14160.2
1365,10,2024-01-08,67.4,952.7,14767.9
1366,10,2024-01-16,57.6,962.2,15348.2
1367,10,2024-01-21,49.1,1013.4,15775.8
1368,10,2024-01-27,78.0,1004.7,16496.7
1369,10,2024-02-01,84.0,1004.6,17212.7
1370,10,2024-02-09,62.9,982.1,17811.7
1371,10,2024-02-18,58.1,965.7,18334.4
1372,10,2024-02-26,65.9,985.7,18911.9
1373,10,2024-03-08,77.2,986.1,19631.4
1374,10,2024-03-16,66.3,971.5,20222.9
1375,10,2024-04-01,78.8,1054.1,20955.6
1376,10,2024-04-14,60.8,1105.9,21479.4
1377,10,2024-04-24,64.8,1042.4,22034.5
1378,10,2024-05-02,70.9,1082.8,22739.1
1379,10,2024-05-19,52.0,1073.7,23229.4
1380,10,2024-06-03,67.5,1051.7,23851.2
1381,10,2024-06-15,67.6,1107.6,24527.7
1382,10,2024-06-22,68.7,1118.1,25167.8
1383,10,2024-06-30,68.5,1050.5,25783.8
1384,10,2024-07-13,56.7,1188.6,26279.2
1385,10,2024-08-01,63.1,1161.7,26928.4
1386,10,2024-08-08,63.4,1139.4,27572.3
1387,10,2024-08-17,52.5,1164.9,28070.3
1388,10,2024-08-29,66.0,1175.2,28650.3
1389,10,2024-09-05,60.9,1213.0,29260.2
1390,10,2024-09-21,71.0,1219.9,29920.4
1391,10,2024-10-01,57.5,1350.7,30494.4
1392,10,2024-10-11,51.7,1378.0,30975.6
1393,10,2024-10-19,75.7,1420.0,31710.8
1394,10,2024-10-27,72.4,1317.1,32377.6
1395,10,2024-11-02,64.9,1376.9,32957.8
1396,10,2024-11-17,68.1,1403.1,33559.3
1397,10,2024-11-22,50.1,1341.2,34019.0
1398,10,2024-11-27,64.1,1333.3,34594.3
1399,10,2024-12-03,77.4,1327.8,35325.4
1400,10,2024-12-09,60.1,1419.6,35876.4
1401,10,2024-12-15,53.3,1371.7,36403.4
1402,10,2024-12-23,70.1,1334.8,37002.6
1403,10,2024-12-27,54.5,1356.6,37474.0
1404,10,2024-12-31,52.2,1325.0,38003.6
1405,11,2022-01-10,118.1,389.5,104272.1
1406,11,2022-01-16,103.3,393.2,104865.2
1407,11,2022-01-21,88.9,403.5,105307.9
1408,11,2022-01-25,100.4,406.8,105855.9
1409,11,2022-01-31,107.0,387.9,106426.3
1410,11,2022-02-05,111.3,400.1,107029.4
1411,11,2022-02-10,106.1,395.5,107556.4
1412,11,2022-02-15,83.3,403.5,107977.8
1413,11,2022-02-20,94.7,412.3,108524.1
1414,11,2022-02-23,84.3,412.8,108987.4
1415,11,2022-03-02,115.2,388.5,109653.7
1416,11,2022-03-08,101.8,394.6,110175.5
1417,11,2022-03-15,114.1,396.9,110794.6
1418,11,2022-03-23,101.8,392.0,111314.0
1419,11,2022-03-28,93.3,383.7,111813.3
1420,11,2022-03-31,70.5,409.5,112182.7
1421,11,2022-04-04,87.8,450.3,112625.5
1422,11,2022-04-10,87.6,453.6,113123.0
1423,11,2022-04-15,83.8,443.7,113549.2
1424,11,2022-04-22,93.3,438.5,114049.2
1425,11,2022-04-28,178.9,435.1,114471.1
1426,11,2022-05-09,88.5,423.4,114966.6
1427,11,2022-05-18,106.7,447.0,115518.4
1428,11,2022-05-27,100.7,448.7,116105.4
1429,11,2022-06-04,98.1,428.8,116628.5
1430,11,2022-06-18,96.5,423.5,117139.7
1431,11,2022-07-04,101.3,488.5,117720.2
1432,11,2022-07-12,82.7,520.6,118140.8
1433,11,2022-07-18,89.4,502.8,118624.2
1434,11,2022-07-26,113.6,493.0,119259.3
1435,11,2022-07-31,93.7,517.1,119728.3
1436,11,2022-08-07,101.0,485.0,120316.2
1437,11,2022-08-12,128.5,485.4,120978.1
1438,11,2022-08-17,109.6,499.4,121526.9
1439,11,2022-08-24,132.3,490.0,122207.6
1440,11,2022-08-28,83.2,500.5,122623.8
1441,11,2022-09-02,106.9,499.7,123192.9
1442,11,2022-09-08,101.1,515.4,123695.6
1443,11,2022-09-14,90.3,497.5,124164.1
1444,11,2022-09-20,90.2,489.0,124629.2
1445,11,2022-09-25,104.5,505.2,125214.8
1446,11,2022-09-29,92.4,500.8,125705.2
1447,11,2022-10-06,95.2,584.6,126269.9
1448,11,2022-10-13,116.6,557.6,126875.0
1449,11,2022-10-19,78.3,588.9,127279.8
1450,11,2022-10-23,80.0,586.4,127718.2
1451,11,2022-10-31,107.3,576.5,128340.4
1452,11,2022-11-08,123.4,574.2,129025.4
1453,11,2022-11-13,91.9,587.4,129551.0
1454,11,2022-11-19,106.6,591.6,130144.4
1455,11,2022-11-23,102.5,547.1,130708.1
1456,11,2022-11-28,103.7,574.6,131271.6
1457,11,2022-12-04,107.5,549.3,131832.6
1458,11,2022-12-09,118.3,570.7,132464.0
1459,11,2022-12-14,99.0,562.4,132961.8
1460,11,2022-12-18,101.7,582.3,133491.0
1461,11,2022-12-23,99.6,553.3,134018.2
1462,11,2022-12-29,81.9,587.2,134499.7
1463,11,2023-01-03,106.3,587.6,135064.5
1464,11,2023-01-08,99.1,602.9,135604.5
1465,11,2023-01-13,92.8,613.7,136118.3
1466,11,2023-01-17,96.0,604.9,136696.1
1467,11,2023-01-22,107.8,600.7,137259.0
1468,11,2023-01-25,84.9,623.9,137683.9
1469,11,2023-01-29,81.5,600.0,138126.6
1470,11,2023-02-03,126.7,602.7,138775.1
1471,11,2023-02-08,90.9,593.6,139279.0
1472,11,2023-02-12,92.8,589.1,139782.1
1473,11,2023-02-17,117.3,619.0,140405.5
1474,11,2023-02-21,73.3,609.3,140823.2
1475,11,2023-02-27,112.4,602.6,141391.9
1476,11,2023-03-02,97.3,603.0,141908.4
1477,11,2023-03-07,88.4,588.2,142375.9
1478,11,2023-03-13,90.9,625.5,142867.7
1479,11,2023-03-19,95.0,600.0,143372.0
1480,11,2023-03-29,96.1,604.9,143895.6
1481,11,2023-04-06,86.5,679.8,144348.2
1482,11,2023-04-23,87.1,685.7,144822.6
1483,11,2023-04-27,79.2,730.7,145238.8
1484,11,2023-05-04,95.5,705.5,145724.5
1485,11,2023-05-12,30.6,679.0,146253.8
1486,11,2023-05-20,124.4,716.7,146936.7
1487,11,2023-05-28,95.4,691.7,147421.2
1488,11,2023-06-01,84.7,713.0,147868.3
1489,11,2023-06-15,77.9,706.9,148282.0
1490,11,2023-06-21,95.7,688.5,148784.3
1491,11,2023-06-28,97.9,684.7,149350.8
1492,11,2023-07-09,97.5,810.0,149901.5
1493,11,2023-07-19,82.6,822.1,150336.4
1494,11,2023-07-31,106.6,779.6,150933.2
1495,11,2023-08-16,89.6,773.7,151403.7
1496,11,2023-08-26,117.9,824.4,151994.3
1497,11,2023-09-06,99.4,781.8,152539.8
1498,11,2023-09-12,82.3,802.1,152948.5
1499,11,2023-09-18,72.7,802.8,153314.1
1500,11,2023-09-26,75.3,823.6,153750.7
1501,11,2023-10-13,112.1,929.4,154351.3
1502,11,2023-10-26,104.2,917.7,154933.1
1503,11,2023-10-30,98.1,913.0,155425.6
1504,11,2023-11-04,80.6,941.2,155849.6
1505,11,2023-11-09,106.3,896.0,156413.2
1506,11,2023-11-15,97.4,947.2,156928.7
1507,11,2023-11-20,99.7,881.6,157449.7
1508,11,2023-11-25,69.1,909.5,157831.4
1509,11,2023-11-30,79.7,894.8,158240.7
1510,11,2023-12-07,122.5,884.2,158921.1
1511,11,2023-12-13,96.1,892.5,159467.3
1512,11,2023-12-17,82.4,918.0,159942.5
1513,11,2023-12-22,93.3,921.6,160453.3
1514,11,2023-12-26,76.2,938.7,160896.2
1515,11,2023-12-29,74.5,921.4,161303.0
1516,11,2024-01-02,113.6,944.5,161958.1
1517,11,2024-01-07,98.3,991.6,162492.8
1518,11,2024-01-11,72.8,978.3,162888.5
1519,11,2024-01-15,89.2,956.9,163369.7
1520,11,2024-01-20,96.8,981.9,163934.3
1521,11,2024-01-26,102.8,990.1,164489.4
1522,11,2024-02-03,91.1,944.6,164954.1
1523,11,2024-02-06,81.6,1011.4,165387.7
1524,11,2024-02-14,109.7,1011.7,166004.6
1525,11,2024-02-18,79.0,991.3,166397.2
1526,11,2024-02-26,144.7,974.9,167117.5
1527,11,2024-03-08,84.0,975.0,167590.9
1528,11,2024-03-17,87.6,1013.0,168056.2
1529,11,2024-03-21,99.5,950.5,168557.6
1530,11,2024-03-27,82.2,953.5,168976.7
1531,11,2024-03-31,79.0,959.7,169402.4
1532,11,2024-04-08,107.9,1081.7,169943.4
1533,11,2024-04-14,113.6,1074.7,170535.7
1534,11,2024-04-21,69.9,1079.1,170896.3
1535,11,2024-04-30,99.7,1064.8,171400.3
1536,11,2024-05-04,75.0,1094.2,171788.8
1537,11,2024-05-09,90.6,1119.1,172242.4
1538,11,2024-05-17,89.4,1072.7,172774.3
1539,11,2024-05-29,103.1,1093.4,173373.0
1540,11,2024-06-06,81.8,1047.1,173863.0
1541,11,2024-06-24,96.8,1117.4,174411.4
1542,11,2024-06-30,81.5,1103.5,174839.0
1543,11,2024-07-10,116.2,1159.8,175486.9
1544,11,2024-07-20,98.1,1151.8,176005.2
1545,11,2024-08-10,84.8,1146.5,176514.4
1546,11,2024-08-18,91.6,1146.8,176999.0
1547,11,2024-09-07,93.2,1205.2,177465.9
1548,11,2024-09-16,118.4,1218.0,178070.1
1549,11,2024-09-26,86.5,1213.0,178576.2
1550,11,2024-10-04,104.7,1389.6,179139.2
1551,11,2024-10-16,85.5,1387.0,179600.4
1552,11,2024-10-27,69.1,1322.0,179978.8
1553,11,2024-11-05,102.7,1327.2,180564.7
1554,11,2024-11-09,88.2,1372.1,181012.2
1555,11,2024-11-15,98.2,1411.6,181578.4
1556,11,2024-11-29,120.8,1415.2,182276.3
1557,11,2024-12-09,111.3,1402.7,182866.2
1558,11,2024-12-15,108.4,1340.7,183514.1
1559,11,2024-12-20,92.0,1373.0,184015.2
1560,11,2024-12-25,99.7,1315.6,184566.1
1561,11,2024-12-29,91.6,1379.9,185090.9
1562,12,2022-01-09,99.8,403.9,140422.8
1563,12,2022-01-14,75.5,394.8,140891.3
1564,12,2022-01-19,83.1,409.8,141414.9
1565,12,2022-01-25,91.4,391.0,141988.6
1566,12,2022-01-28,59.9,407.3,142398.7
1567,12,2022-01-31,65.7,386.9,142805.5
1568,12,2022-02-05,92.0,391.4,143405.9
1569,12,2022-02-12,89.5,387.9,143984.5
1570,12,2022-02-19,74.2,400.4,144460.5
1571,12,2022-02-23,83.7,406.5,145026.9
1572,12,2022-03-01,71.7,398.6,145497.8
1573,12,2022-03-05,77.2,411.3,146029.6
1574,12,2022-03-10,83.9,401.7,146543.5
1575,12,2022-03-17,79.9,384.1,147115.4
1576,12,2022-03-21,68.9,398.1,147607.5
1577,12,2022-03-25,61.6,394.7,147991.3
1578,12,2022-03-30,94.9,394.6,148614.8
1579,12,2022-04-06,91.1,435.4,149173.3
1580,12,2022-04-11,78.5,448.5,149678.1
1581,12,2022-04-17,69.7,446.1,150158.9
1582,12,2022-04-25,81.4,424.2,150734.8
1583,12,2022-04-30,82.1,426.4,151287.8
1584,12,2022-05-08,71.1,425.7,151712.7
1585,12,2022-05-16,84.6,427.1,152218.2
1586,12,2022-05-27,83.5,441.3,152756.7
1587,12,2022-06-02,70.3,451.0,153265.8
1588,12,2022-06-09,167.7,439.2,153709.4
1589,12,2022-06-22,82.2,447.5,154233.8
1590,12,2022-06-28,76.8,439.2,154750.7
1591,12,2022-07-06,90.9,484.8,155313.8
1592,12,2022-07-15,70.3,488.5,155787.8
1593,12,2022-07-27,80.0,521.6,156278.4
1594,12,2022-08-02,91.5,491.4,156829.8
1595,12,2022-08-07,78.2,504.1,157312.3
1596,12,2022-08-13,71.1,483.7,157748.8
1597,12,2022-08-22,68.2,513.1,158193.9
1598,12,2022-09-01,85.6,484.8,158760.2
1599,12,2022-09-07,64.7,490.8,159201.9
1600,12,2022-09-13,77.9,488.6,159678.1
1601,12,2022-09-18,93.0,520.8,160235.8
1602,12,2022-09-26,75.9,486.5,160764.6
1603,12,2022-10-03,95.2,584.1,161387.0
1604,12,2022-10-10,63.4,565.2,161822.0
1605,12,2022-10-14,73.6,568.6,162282.5
1606,12,2022-10-20,72.9,576.5,162757.1
1607,12,2022-10-26,83.1,566.9,163336.7
1608,12,2022-10-31,76.2,556.9,163876.0
1609,12,2022-11-05,60.8,590.0,164289.7
1610,12,2022-11-10,64.9,557.4,164758.4
1611,12,2022-11-15,119.2,553.6,165480.9
1612,12,2022-11-20,63.1,581.7,165898.6
1613,12,2022-11-24,71.8,570.2,166357.0
1614,12,2022-11-30,93.6,590.4,166914.3
1615,12,2022-12-05,94.9,570.0,167479.2
1616,12,2022-12-09,84.6,569.5,168039.1
1617,12,2022-12-13,91.7,555.5,168596.0
1618,12,2022-12-17,87.1,546.7,169157.4
1619,12,2022-12-24,252.2,581.5,169831.7
1620,12,2022-12-29,92.8,558.0,170494.5
1621,12,2023-01-01,71.6,589.5,170963.9
1622,12,2023-01-07,87.7,625.3,171591.3
1623,12,2023-01-13,101.4,623.2,172225.2
1624,12,2023-01-18,23.5,631.2,172772.1
1625,12,2023-01-23,25.3,608.9,173308.1
1626,12,2023-01-26,58.5,620.2,173661.9
1627,12,2023-02-01,106.1,596.1,174334.3
1628,12,2023-02-06,97.9,587.2,174941.9
1629,12,2023-02-11,85.5,601.6,175532.4
1630,12,2023-02-18,98.9,595.5,176219.6
1631,12,2023-02-24,88.8,602.8,176830.5
1632,12,2023-03-01,89.6,592.7,177366.3
1633,12,2023-03-07,86.6,598.7,177932.8
1634,12,2023-03-14,76.9,598.4,178404.2
1635,12,2023-03-23,100.4,611.7,179055.8
1636,12,2023-04-04,79.6,687.8,179558.5
1637,12,2023-04-16,90.7,701.6,180157.4
1638,12,2023-04-22,86.6,725.2,180765.2
1639,12,2023-04-25,65.5,719.9,181155.4
1640,12,2023-05-05,80.6,681.4,181708.2
1641,12,2023-05-12,79.2,713.4,182254.5
1642,12,2023-05-17,62.8,696.8,182641.1
1643,12,2023-05-24,96.9,710.4,183284.8
1644,12,2023-06-02,90.9,720.3,183866.6
1645,12,2023-06-06,62.0,718.2,184266.0
1646,12,2023-06-25,121.2,692.8,185013.5
1647,12,2023-07-04,90.9,802.0,185561.8
1648,12,2023-07-14,95.6,795.1,186166.7
1649,12,2023-07-27,59.6,821.1,186543.2
1650,12,2023-08-10,82.8,801.5,187068.1
1651,12,2023-08-19,119.7,776.1,187827.1
1652,12,2023-08-28,85.4,795.1,188372.9
1653,12,2023-09-03,67.3,787.2,188775.8
1654,12,2023-09-17,84.9,768.6,189380.2
1655,12,2023-09-29,88.7,813.9,190016.3
1656,12,2023-10-05,74.2,929.3,190462.4
1657,12,2023-10-14,66.4,904.1,190930.2
1658,12,2023-10-18,82.2,907.9,191441.4
1659,12,2023-10-25,86.4,909.7,192043.5
1660,12,2023-11-03,85.8,916.7,192575.0
1661,12,2023-11-13,97.7,910.2,193207.4
1662,12,2023-11-19,143.7,898.2,193665.9
1663,12,2023-11-24,161.7,924.7,194087.6
1664,12,2023-11-28,65.8,899.8,194532.6
1665,12,2023-12-03,62.9,883.5,194979.4
1666,12,2023-12-08,82.9,945.9,195555.0
1667,12,2023-12-11,71.5,919.2,196009.8
1668,12,2023-12-14,68.1,936.3,196439.7
1669,12,2023-12-21,91.2,935.3,197043.7
1670,12,2023-12-28,97.1,914.8,197662.5
1671,12,2024-01-02,85.2,1007.8,198206.7
1672,12,2024-01-05,60.2,953.3,198568.7
1673,12,2024-01-09,77.5,986.8,199094.4
1674,12,2024-01-14,104.8,985.6,199723.7
1675,12,2024-01-18,75.2,984.7,200184.2
1676,12,2024-01-22,78.7,982.1,200666.4
1677,12,2024-01-26,68.0,988.0,201081.5
1678,12,2024-01-30,65.2,963.0,201536.7
1679,12,2024-02-04,85.7,985.8,202152.7
1680,12,2024-02-15,116.1,1003.7,202847.6
1681,12,2024-02-20,66.3,945.6,203298.4
1682,12,2024-02-26,91.0,971.6,203926.0
1683,12,2024-03-02,102.2,947.1,204593.2
1684,12,2024-03-07,73.0,954.5,205109.2
1685,12,2024-03-12,93.2,952.7,205747.3
1686,12,2024-03-17,74.9,973.1,206241.7
1687,12,2024-03-26,95.9,971.4,206821.8
1688,12,2024-04-02,106.0,1096.8,207478.5
1689,12,2024-04-09,80.1,1114.5,207995.1
1690,12,2024-04-20,77.5,1101.9,208503.5
1691,12,2024-04-25,67.5,1092.7,208959.8
1692,12,2024-04-30,74.6,1068.3,209452.1
1693,12,2024-05-15,82.3,1065.4,210040.1
1694,12,2024-05-24,87.5,1071.1,210593.8
1695,12,2024-06-08,73.7,1102.6,211068.0
1696,12,2024-06-26,83.8,1041.8,211594.4
1697,12,2024-07-02,89.1,1222.8,212133.8
1698,12,2024-07-11,81.8,1225.5,212643.2
1699,12,2024-07-17,63.9,1158.9,213067.0
1700,12,2024-08-04,85.6,1223.5,213581.5
1701,12,2024-08-21,94.0,1216.8,214254.2
1702,12,2024-09-02,77.0,1163.4,214769.4
1703,12,2024-09-14,70.6,1141.1,215215.6
1704,12,2024-09-25,106.2,1212.9,215872.9
1705,12,2024-09-29,75.8,1203.9,216381.6
1706,12,2024-10-06,67.3,1390.8,216832.9
1707,12,2024-10-11,77.5,1374.8,217366.8
1708,12,2024-10-18,90.2,1390.1,217950.4
1709,12,2024-10-24,94.0,1316.2,218516.4
1710,12,2024-10-27,75.2,1317.2,218977.8
1711,12,2024-11-10,84.1,1358.8,219501.7
1712,12,2024-11-14,84.2,1386.5,220026.9
1713,12,2024-11-19,71.4,1357.9,220515.3
1714,12,2024-11-24,73.3,1347.4,221006.6
1715,12,2024-11-29,70.5,1413.0,221467.7
1716,12,2024-12-04,78.6,1321.1,221942.0
1717,12,2024-12-07,71.8,1395.0,222379.8
1718,12,2024-12-10,63.4,1365.2,222759.4
1719,12,2024-12-15,166.4,1340.9,223150.1
1720,12,2024-12-19,79.0,1347.3,223652.6
1721,12,2024-12-23,85.6,1373.3,224166.0
1722,12,2024-12-28,80.3,1366.4,224717.9
1723,13,2024-12-17,69.2,1396.3,708.2
1724,13,2024-12-27,72.1,1322.2,1338.0
1725,14,2022-01-09,144.2,399.6,88736.0
1726,14,2022-01-14,179.2,411.5,89377.8
1727,14,2022-01-18,158.0,407.4,89916.2
1728,14,2022-01-24,164.2,399.3,90465.5
1729,14,2022-01-29,178.2,383.7,91081.4
1730,14,2022-02-03,126.6,410.1,91557.7
1731,14,2022-02-08,193.9,395.6,92216.3
1732,14,2022-02-14,181.9,388.6,92915.2
1733,14,2022-02-18,155.2,382.5,93469.3
1734,14,2022-02-23,128.5,395.2,93926.2
1735,14,2022-02-27,378.6,411.1,94434.0
1736,14,2022-03-05,178.0,384.6,95066.4
1737,14,2022-03-11,165.3,407.7,95662.2
1738,14,2022-03-21,197.2,396.5,96359.7
1739,14,2022-03-26,143.6,385.4,96918.8
1740,14,2022-03-31,142.3,410.3,97400.1
1741,14,2022-04-12,121.9,454.6,97832.1
1742,14,2022-04-17,142.9,428.1,98364.3
1743,14,2022-04-28,173.2,442.2,98978.5
1744,14,2022-05-04,165.9,455.8,99603.8
1745,14,2022-05-12,167.3,437.0,100268.2
1746,14,2022-05-22,166.5,435.5,100886.5
1747,14,2022-05-28,112.6,442.0,101339.2
1748,14,2022-06-05,135.4,437.9,101789.9
1749,14,2022-06-17,141.9,454.7,102269.8
1750,14,2022-06-30,164.3,453.7,102893.0
1751,14,2022-07-09,159.3,499.8,103456.0
1752,14,2022-07-19,156.1,492.2,103982.1
1753,14,2022-07-27,173.3,520.8,104565.8
1754,14,2022-08-04,180.1,514.5,105290.6
1755,14,2022-08-12,127.2,520.6,105760.4
1756,14,2022-08-22,149.2,511.6,106345.1
1757,14,2022-08-30,140.6,511.9,106836.4
1758,14,2022-09-07,145.0,511.0,107380.4
1759,14,2022-09-16,153.7,494.0,107912.4
1760,14,2022-09-22,135.2,510.2,108428.4
1761,14,2022-09-27,261.1,484.7,108874.7
1762,14,2022-10-03,134.5,576.8,109365.9
1763,14,2022-10-09,185.7,581.0,110066.1
1764,14,2022-10-16,153.0,550.8,110624.8
1765,14,2022-10-25,214.4,590.2,111343.6
1766,14,2022-11-03,162.4,559.8,111919.7
1767,14,2022-11-08,142.7,553.1,112401.6
1768,14,2022-11-13,142.0,590.9,112906.1
1769,14,2022-11-21,209.7,547.8,113659.4
1770,14,2022-11-28,134.4,584.3,114131.3
1771,14,2022-12-03,136.5,570.1,114600.8
1772,14,2022-12-07,159.5,557.1,115130.3
1773,14,2022-12-12,133.8,581.5,115656.9
1774,14,2022-12-17,156.4,575.4,116200.2
1775,14,2022-12-22,144.8,555.1,116766.2
1776,14,2022-12-27,132.8,586.5,117242.8
1777,14,2023-01-02,178.1,598.1,117912.2
1778,14,2023-01-06,159.2,613.8,118500.9
1779,14,2023-01-11,200.1,618.7,119192.1
1780,14,2023-01-15,145.8,615.4,119690.8
1781,14,2023-01-20,168.8,619.1,120278.4
1782,14,2023-01-23,123.8,615.7,120700.1
1783,14,2023-01-27,155.0,632.4,121313.2
1784,14,2023-02-01,144.1,584.8,121808.2
1785,14,2023-02-05,183.6,593.5,122514.1
1786,14,2023-02-10,159.1,615.0,123067.9
1787,14,2023-02-15,195.9,612.4,123724.9
1788,14,2023-02-21,157.8,592.9,124268.3
1789,14,2023-02-28,62.0,600.2,125065.4
1790,14,2023-03-05,139.2,616.1,125532.7
1791,14,2023-03-11,140.5,619.2,126007.5
1792,14,2023-03-16,209.0,620.3,126705.0
1793,14,2023-03-23,145.7,614.0,127250.4
1794,14,2023-03-30,207.6,593.3,127942.3
1795,14,2023-04-03,128.7,726.0,128383.3
1796,14,2023-04-11,142.6,721.3,128930.5
1797,14,2023-04-20,157.0,722.9,129505.7
1798,14,2023-04-25,128.6,708.6,129967.5
1799,14,2023-05-09,177.9,699.4,130567.9
1800,14,2023-05-20,163.7,679.9,131142.5
1801,14,2023-05-30,146.4,691.1,131731.1
1802,14,2023-06-05,179.0,696.1,132329.1
1803,14,2023-06-10,127.1,723.8,132792.3
1804,14,2023-06-18,141.7,726.4,133271.6
1805,14,2023-06-30,142.4,710.7,133797.6
1806,14,2023-07-08,115.1,815.7,134247.6
1807,14,2023-07-29,190.3,812.1,134942.1
1808,14,2023-08-07,162.8,803.4,135528.5
1809,14,2023-08-22,188.0,768.7,136269.5
1810,14,2023-09-05,159.6,797.3,136814.7
1811,14,2023-09-17,190.6,775.2,137459.4
1812,14,2023-09-25,142.9,809.3,137991.4
1813,14,2023-10-07,161.5,903.9,138588.6
1814,14,2023-10-20,158.4,891.9,139134.9
1815,14,2023-10-28,141.4,889.1,139657.0
1816,14,2023-11-10,198.3,921.8,140367.8
1817,14,2023-11-16,158.0,905.9,140943.1
1818,14,2023-11-28,160.1,891.6,141484.3
1819,14,2023-12-03,125.1,900.2,141919.0
1820,14,2023-12-09,160.9,900.9,142554.6
1821,14,2023-12-14,153.7,937.3,143069.5
1822,14,2023-12-20,162.1,887.8,143614.3
1823,14,2023-12-26,190.1,882.0,144259.3
1824,14,2023-12-31,150.7,906.7,144761.9
1825,14,2024-01-06,142.0,1005.8,145240.5
1826,14,2024-01-10,130.2,1002.0,145690.5
1827,14,2024-01-17,153.1,952.1,146207.4
1828,14,2024-01-24,145.7,970.1,146747.8
1829,14,2024-02-01,167.7,989.7,147409.6
1830,14,2024-02-08,185.9,1007.0,148046.8
1831,14,2024-02-13,156.2,1003.0,148613.5
1832,14,2024-02-24,193.1,982.2,149305.0
1833,14,2024-03-02,166.8,949.7,149933.0
1834,14,2024-03-08,170.5,1013.0,150518.2
1835,14,2024-03-16,154.7,940.1,151092.3
1836,14,2024-03-25,137.1,954.4,151593.8
1837,14,2024-04-03,201.2,1072.9,152268.3
1838,14,2024-04-08,151.2,1109.4,152818.2
1839,14,2024-04-13,171.1,1085.3,153405.5
1840,14,2024-04-20,193.5,1075.6,154051.8
1841,14,2024-04-30,146.4,1121.5,154540.6
1842,14,2024-05-16,192.3,1047.0,155221.8
1843,14,2024-05-26,137.8,1092.9,155753.8
1844,14,2024-06-02,127.5,1109.8,156201.6
1845,14,2024-06-14,126.7,1105.1,156665.3
1846,14,2024-07-05,164.9,1168.3,157319.2
1847,14,2024-07-08,130.2,1151.6,157754.7
1848,14,2024-07-20,166.7,1218.9,158340.6
1849,14,2024-08-08,136.2,1180.2,158818.9
1850,14,2024-08-23,138.0,1188.8,159302.9
1851,14,2024-09-02,151.2,1221.2,159824.0
1852,14,2024-09-09,169.9,1194.6,160414.0
1853,14,2024-09-15,158.7,1192.5,160957.4
1854,14,2024-09-24,142.9,1204.8,161513.3
1855,14,2024-10-05,129.5,1313.1,162006.7
1856,14,2024-10-11,136.2,1385.2,162477.9
1857,14,2024-10-18,158.8,1399.4,163016.0
1858,14,2024-10-23,131.5,1413.4,163521.9
1859,14,2024-10-31,149.6,1331.6,164064.0
1860,14,2024-11-06,124.8,1399.5,164553.5
1861,14,2024-11-14,139.8,1405.7,165083.1
1862,14,2024-11-22,150.2,1377.5,165675.5
1863,14,2024-12-02,185.9,1403.1,166340.4
1864,14,2024-12-07,187.0,1409.3,167003.8
1865,14,2024-12-14,155.1,1357.4,167565.2
1866,14,2024-12-18,153.4,1391.4,168113.8
1867,14,2024-12-22,120.1,1402.9,168536.0
1868,15,2022-01-05,160.9,392.6,136537.4
1869,15,2022-01-10,214.2,390.9,137262.9
1870,15,2022-01-17,181.2,390.3,137973.2
1871,15,2022-01-23,174.3,391.5,138553.7
1872,15,2022-01-28,158.9,393.6,139161.5
1873,15,2022-02-01,131.2,386.6,139615.8
1874,15,2022-02-05,150.0,399.5,140144.0
1875,15,2022-02-09,121.5,407.3,140566.7
1876,15,2022-02-15,166.3,398.2,141184.9
1877,15,2022-02-23,202.7,411.6,141918.6
1878,15,2022-02-28,159.1,406.9,142531.1
1879,15,2022-03-05,145.4,408.2,143031.9
1880,15,2022-03-11,132.4,403.0,143540.1
1881,15,2022-03-22,174.3,386.2,144210.7
1882,15,2022-03-27,135.3,404.7,144716.7
1883,15,2022-04-03,163.9,434.2,145287.6
1884,15,2022-04-09,166.3,449.9,145837.8
1885,15,2022-04-21,186.5,427.6,146454.6
1886,15,2022-04-27,153.2,443.8,146984.7
1887,15,2022-05-02,147.1,431.9,147489.4
1888,15,2022-05-14,169.6,454.7,148166.9
1889,15,2022-05-21,158.9,448.2,148737.8
1890,15,2022-05-30,160.3,452.3,149300.1
1891,15,2022-06-07,148.2,447.2,149831.4
1892,15,2022-06-16,167.2,432.7,150409.9
1893,15,2022-06-29,184.2,425.4,151041.4
1894,15,2022-07-08,139.3,484.8,151549.1
1895,15,2022-07-17,120.4,484.5,152011.9
1896,15,2022-07-22,145.5,489.4,152571.1
1897,15,2022-08-03,154.2,495.6,153091.3
1898,15,2022-08-08,189.3,496.5,153762.4
1899,15,2022-08-14,198.6,493.3,154428.3
1900,15,2022-08-23,139.0,503.6,154900.9
1901,15,2022-09-02,162.8,514.9,155479.8
1902,15,2022-09-08,188.5,515.6,156145.8
1903,15,2022-09-19,179.8,484.0,156844.6
1904,15,2022-09-25,189.8,494.7,157495.3
1905,15,2022-10-05,203.3,580.5,158194.1
1906,15,2022-10-12,199.7,550.7,158875.3
1907,15,2022-10-18,154.9,573.6,159445.5
1908,15,2022-10-26,40.3,580.3,159901.2
1909,15,2022-11-03,190.8,577.7,160588.7
1910,15,2022-11-12,182.7,573.9,161247.4
1911,15,2022-11-16,116.1,562.3,161653.5
1912,15,2022-11-20,123.4,558.7,162104.3
1913,15,2022-11-24,155.1,569.4,162617.9
1914,15,2022-12-03,146.6,551.5,163207.8
1915,15,2022-12-07,153.1,547.0,163755.2
1916,15,2022-12-13,164.1,581.8,164371.5
1917,15,2022-12-20,470.1,587.7,165001.2
1918,15,2022-12-25,191.5,547.1,165657.1
1919,15,2022-12-30,142.6,581.5,166131.1
1920,15,2023-01-04,166.4,613.5,166757.7
1921,15,2023-01-09,149.4,600.5,167344.9
1922,15,2023-01-14,186.2,617.9,167974.3
1923,15,2023-01-19,148.8,593.3,168533.3
1924,15,2023-01-25,172.8,621.0,169108.0
1925,15,2023-01-29,143.4,631.3,169592.4
1926,15,2023-02-05,178.2,616.4,170187.1
1927,15,2023-02-12,181.1,624.1,170854.1
1928,15,2023-02-18,158.3,600.6,171446.5
1929,15,2023-02-24,173.7,599.5,172078.3
1930,15,2023-03-02,166.1,629.9,172696.6
1931,15,2023-03-09,174.0,591.5,173291.5
1932,15,2023-03-17,193.9,617.4,173948.8
1933,15,2023-03-25,167.6,584.1,174507.6
1934,15,2023-04-03,197.4,687.8,175197.2
1935,15,2023-04-11,115.1,688.7,175643.5
1936,15,2023-04-15,135.9,718.5,176159.2
1937,15,2023-04-24,156.7,689.3,176696.5
1938,15,2023-05-03,126.6,711.3,177160.2
1939,15,2023-05-10,165.1,680.8,177796.2
1940,15,2023-05-19,133.6,682.1,178310.9
1941,15,2023-06-12,195.1,688.8,178997.5
1942,15,2023-06-27,142.2,700.8,179493.0
1943,15,2023-07-04,183.8,831.8,180136.4
1944,15,2023-07-12,141.3,819.4,180606.8
1945,15,2023-07-25,188.6,783.0,181325.3
1946,15,2023-07-29,136.8,780.3,181780.7
1947,15,2023-08-09,143.9,796.6,182276.8
1948,15,2023-08-25,212.3,806.2,183046.6
1949,15,2023-09-11,141.9,788.6,183569.0
1950,15,2023-09-21,173.1,812.9,184256.5
1951,15,2023-09-28,160.0,786.6,184899.8
1952,15,2023-10-03,150.1,903.2,185400.7
1953,15,2023-10-13,124.3,901.2,185854.2
1954,15,2023-10-21,149.9,913.2,186358.9
1955,15,2023-10-27,191.2,933.0,186991.5
1956,15,2023-11-03,161.0,903.0,187535.2
1957,15,2023-11-09,144.0,938.0,188067.5
1958,15,2023-11-14,148.6,926.9,188640.8
1959,15,2023-11-20,150.8,902.1,189219.1
1960,15,2023-11-25,162.6,944.5,189768.0
1961,15,2023-11-30,156.2,933.2,190386.8
1962,15,2023-12-07,156.7,941.2,190966.4
1963,15,2023-12-12,186.9,908.7,191593.1
1964,15,2023-12-16,166.6,887.3,192164.7
1965,15,2023-12-21,160.4,893.1,192738.7
1966,15,2023-12-25,137.6,915.9,193258.0
1967,15,2023-12-30,210.9,889.7,193989.7
1968,15,2024-01-06,156.4,978.8,194549.6
1969,15,2024-01-14,143.7,1004.9,195032.6
1970,15,2024-01-18,138.2,946.9,195503.0
1971,15,2024-01-25,168.1,943.8,196133.4
1972,15,2024-02-02,152.4,986.7,196724.1
1973,15,2024-02-08,158.5,1012.5,197252.1
1974,15,2024-02-13,156.4,944.1,197771.2
1975,15,2024-02-20,174.2,962.4,198348.9
1976,15,2024-02-29,152.9,960.5,198904.2
1977,15,2024-03-06,176.2,970.0,199491.0
1978,15,2024-03-13,159.7,974.8,200042.7
1979,15,2024-03-23,185.8,984.5,200657.5
1980,15,2024-03-29,148.1,977.0,201183.9
1981,15,2024-04-04,152.3,1101.2,201693.6
1982,15,2024-04-20,139.3,1037.5,202182.6
1983,15,2024-04-28,399.1,1060.6,202754.5
1984,15,2024-05-07,185.6,1063.8,203377.0
1985,15,2024-05-28,195.3,1092.9,204066.9
1986,15,2024-06-16,184.0,1054.2,204740.2
1987,15,2024-07-10,142.4,1176.9,205304.5
1988,15,2024-07-18,166.6,1183.9,205874.2
1989,15,2024-07-25,141.8,1209.4,206391.4
1990,15,2024-08-09,179.3,1230.9,207050.8
1991,15,2024-08-23,358.8,1209.0,207690.0
1992,15,2024-09-02,142.6,1224.5,208187.4
1993,15,2024-09-10,187.2,1147.3,208848.5
1994,15,2024-09-15,132.6,1182.5,209309.4
1995,15,2024-09-21,147.6,1161.5,209807.8
1996,15,2024-10-01,204.1,1341.2,210484.3
1997,15,2024-10-12,140.6,1392.0,210964.0
1998,15,2024-10-16,142.8,1414.5,211512.8
1999,15,2024-10-25,190.3,1323.0,212197.3
2000,15,2024-10-31,151.9,1325.3,212714.3
2001,15,2024-11-09,166.7,1341.5,213313.8
2002,15,2024-11-13,162.8,1369.8,213892.4
2003,15,2024-11-19,171.8,1363.7,214479.9
2004,15,2024-11-28,174.9,1343.0,215078.9
2005,15,2024-12-07,160.0,1348.5,215609.3
2006,15,2024-12-12,164.8,1336.1,216242.6
2007,15,2024-12-19,176.5,1312.6,216879.5
2008,15,2024-12-27,164.0,1367.2,217454.7
2009,16,2022-01-06,134.8,407.0,143021.4
2010,16,2022-01-11,163.6,407.6,143590.3
2011,16,2022-01-16,162.9,392.7,144180.4
2012,16,2022-01-20,122.4,385.7,144649.0
2013,16,2022-01-25,175.9,393.1,145246.1
2014,16,2022-01-30,167.0,407.0,145810.3
2015,16,2022-02-04,155.3,399.4,146352.9
2016,16,2022-02-10,151.1,413.4,146895.1
2017,16,2022-02-15,161.7,402.6,147482.8
2018,16,2022-02-18,143.2,391.6,147970.8
2019,16,2022-02-22,163.8,388.8,148534.0
2020,16,2022-02-27,183.8,385.8,149199.9
2021,16,2022-03-05,159.7,398.6,149827.5
2022,16,2022-03-12,187.6,395.2,150528.4
2023,16,2022-03-17,164.1,400.7,151167.2
2024,16,2022-03-22,133.1,394.2,151624.9
2025,16,2022-03-28,115.8,392.9,152056.2
2026,16,2022-04-02,144.3,441.1,152581.0
2027,16,2022-04-06,119.1,435.0,153033.4
2028,16,2022-04-15,134.4,452.7,153484.7
2029,16,2022-04-20,184.7,446.5,154170.2
2030,16,2022-04-29,208.4,455.2,154915.0
2031,16,2022-05-15,178.7,438.1,155597.1
2032,17,2024-01-05,139.1,949.8,487.3
2033,17,2024-01-12,187.2,941.2,1175.8
2034,17,2024-01-19,152.4,940.4,1722.8
2035,17,2024-01-24,175.6,982.9,2349.5
2036,17,2024-02-01,169.1,948.6,3000.3
2037,17,2024-02-09,181.6,1004.3,3608.5
2038,17,2024-02-14,167.7,961.9,4172.6
2039,17,2024-02-22,220.2,959.7,4933.1
2040,17,2024-02-28,172.2,965.2,5557.5
2041,17,2024-03-04,167.5,951.0,6147.7
2042,17,2024-03-10,135.0,942.4,6612.7
2043,17,2024-03-16,476.1,1001.1,7244.9
2044,17,2024-03-24,185.8,942.8,7934.1
2045,17,2024-03-31,170.5,990.6,8531.3
2046,17,2024-04-06,153.6,1082.8,9076.3
2047,17,2024-04-17,132.4,1103.1,9586.4
2048,17,2024-04-24,167.8,1111.1,10260.2
2049,17,2024-05-04,137.3,1099.2,10722.9
2050,17,2024-05-13,137.8,1059.9,11199.5
2051,17,2024-05-18,119.2,1100.4,11616.7
2052,17,2024-05-31,168.8,1066.1,12185.5
2053,17,2024-06-09,191.5,1111.0,12836.2
2054,17,2024-07-06,174.3,1220.2,13504.7
2055,17,2024-07-21,169.1,1224.2,14088.0
2056,17,2024-07-30,452.7,1188.4,14733.7
2057,17,2024-08-14,176.5,1223.3,15438.1
2058,17,2024-08-24,174.2,1181.5,16072.4
2059,17,2024-09-04,211.5,1156.5,16778.8
2060,17,2024-09-20,175.1,1142.9,17397.8
2061,17,2024-09-26,159.6,1200.5,17948.7
2062,17,2024-10-04,142.6,1340.1,18521.2
2063,17,2024-10-19,153.6,1327.1,19052.4
2064,17,2024-10-24,122.1,1387.3,19529.2
2065,17,2024-11-03,183.0,1333.0,20222.7
2066,17,2024-11-14,173.7,1407.3,20817.6
2067,17,2024-11-19,137.8,1338.2,21352.4
2068,17,2024-11-25,112.8,1401.2,21799.8
2069,17,2024-12-06,150.5,1367.4,22347.4
2070,17,2024-12-11,160.8,1345.3,22891.8
2071,17,2024-12-17,180.3,1318.8,23503.4
2072,17,2024-12-21,145.3,1391.1,24022.6
2073,17,2024-12-26,146.3,1396.3,24606.3
2074,18,2022-01-07,102.3,387.4,103100.7
2075,18,2022-01-12,146.4,387.9,103737.4
2076,18,2022-01-16,132.4,408.6,104258.3
2077,18,2022-01-20,115.6,393.9,104772.9
2078,18,2022-01-25,151.1,402.4,105380.2
2079,18,2022-02-01,128.1,404.2,105880.6
2080,18,2022-02-06,138.5,409.6,106434.8
2081,18,2022-02-09,107.6,399.7,106847.1
2082,18,2022-02-13,123.7,398.5,107391.2
2083,18,2022-02-17,118.0,394.7,107866.7
2084,18,2022-02-22,159.2,410.7,108556.0
2085,18,2022-02-25,96.2,398.3,108928.8
2086,18,2022-03-04,142.0,392.1,109516.6
2087,18,2022-03-09,123.2,412.1,110029.8
2088,18,2022-03-18,141.2,382.5,110604.5
2089,18,2022-03-23,120.2,384.8,111066.5
2090,18,2022-03-27,101.0,413.8,111468.6
2091,18,2022-04-01,111.5,433.9,111924.6
2092,18,2022-04-10,128.1,449.2,112504.3
2093,18,2022-04-14,130.4,443.7,113021.7
2094,18,2022-04-27,157.0,441.6,113616.5
2095,18,2022-05-11,132.9,437.0,114217.2
2096,18,2022-05-19,130.1,452.8,114746.4
2097,18,2022-05-23,144.9,428.8,115292.4
2098,18,2022-05-27,101.1,435.4,115688.2
2099,18,2022-06-04,153.4,439.7,116309.1
2100,18,2022-06-09,93.3,451.4,116703.9
2101,18,2022-06-17,93.9,435.1,117115.8
2102,18,2022-06-22,103.8,427.0,117527.4
2103,18,2022-06-29,88.7,457.0,117918.0
2104,18,2022-07-09,154.4,519.8,118516.9
2105,18,2022-07-18,104.5,500.4,118923.8
2106,18,2022-07-28,142.5,515.7,119507.6
2107,18,2022-08-11,32.7,519.8,119946.8
2108,18,2022-08-22,105.6,495.0,120378.8
2109,18,2022-08-30,290.2,493.2,120873.5
2110,18,2022-09-07,128.2,509.0,121392.6
2111,18,2022-09-15,125.5,490.8,121897.2
2112,18,2022-09-20,107.5,500.6,122309.0
2113,18,2022-09-27,122.1,499.9,122788.8
2114,18,2022-10-03,118.7,548.9,123324.2
2115,18,2022-10-10,114.8,582.9,123778.7
2116,18,2022-10-16,106.5,581.7,124246.6
2117,18,2022-10-21,114.6,580.0,124717.6
2118,18,2022-10-27,129.3,547.3,125235.1
2119,18,2022-11-01,121.3,581.6,125708.8
2120,18,2022-11-05,131.8,557.2,126219.0
2121,18,2022-11-10,128.2,557.1,126728.1
2122,18,2022-11-15,156.5,558.3,127387.3
2123,18,2022-11-21,135.8,585.6,127929.0
2124,18,2022-11-27,132.1,554.6,128450.5
2125,18,2022-12-01,99.9,580.9,128885.3
2126,18,2022-12-05,144.7,554.9,129462.3
2127,18,2022-12-11,134.9,548.8,130024.2
2128,18,2022-12-17,150.7,574.0,130597.3
2129,18,2022-12-21,145.9,554.2,131173.8
2130,18,2022-12-27,152.2,554.9,131781.8
2131,18,2022-12-31,141.2,549.3,132307.2
2132,18,2023-01-05,164.4,600.6,132971.4
2133,18,2023-01-08,112.6,595.6,133433.7
2134,18,2023-01-12,130.9,618.1,133934.7
2135,18,2023-01-16,120.4,616.5,134416.6
2136,18,2023-01-21,160.7,617.0,135115.0
2137,18,2023-01-28,178.1,627.8,135799.0
2138,18,2023-02-02,179.5,630.2,136482.5
2139,18,2023-02-08,138.6,586.6,137056.1
2140,18,2023-02-14,124.1,586.8,137574.8
2141,18,2023-02-20,119.5,609.0,138078.6
2142,18,2023-02-25,148.1,625.4,138659.5
2143,18,2023-03-01,132.7,627.5,139209.9
2144,18,2023-03-10,37.3,611.3,139772.5
2145,18,2023-03-16,114.9,631.0,140244.0
2146,18,2023-03-21,110.9,625.0,140693.1
2147,18,2023-03-27,155.9,607.9,141315.0
2148,18,2023-03-30,117.9,618.1,141778.2
2149,18,2023-04-03,105.5,731.9,142234.5
2150,18,2023-04-08,127.7,731.9,142793.3
2151,18,2023-04-14,99.3,685.4,143226.2
2152,18,2023-04-24,140.5,690.3,143818.5
2153,18,2023-04-29,119.5,704.7,144356.0
2154,18,2023-05-07,140.9,707.0,144922.2
2155,18,2023-05-25,148.8,679.8,145520.7
2156,18,2023-06-04,104.2,698.1,145947.1
2157,18,2023-06-13,101.6,704.9,146393.5
2158,18,2023-07-10,168.6,821.2,147020.9
2159,18,2023-08-01,145.7,807.8,147579.5
2160,18,2023-08-06,100.5,803.0,147997.9
2161,18,2023-08-16,159.8,801.3,148627.9
2162,18,2023-08-27,105.6,818.3,149098.5
2163,18,2023-09-05,148.5,808.9,149701.6
2164,18,2023-09-16,109.4,813.6,150136.4
2165,18,2023-09-25,135.7,811.9,150714.3
2166,18,2023-10-01,125.2,942.1,151270.0
2167,18,2023-10-07,116.5,909.5,151797.5
2168,18,2023-10-11,151.7,944.7,152464.0
2169,18,2023-10-16,109.6,930.6,152875.4
2170,18,2023-10-22,128.2,930.9,153354.9
2171,18,2023-10-29,100.2,927.9,153732.6
2172,18,2023-11-03,106.0,917.8,154165.4
2173,18,2023-11-11,110.0,904.8,154615.0
2174,18,2023-11-17,112.2,945.0,155081.7
2175,18,2023-11-22,104.8,913.0,155519.1
2176,18,2023-11-26,94.4,899.4,155888.6
2177,18,2023-12-02,131.3,891.2,156431.6
2178,18,2023-12-06,143.8,903.3,157018.2
2179,18,2023-12-14,168.2,893.7,157666.1
2180,18,2023-12-18,137.1,882.1,158178.2
2181,18,2023-12-26,154.1,937.4,158836.4
2182,18,2023-12-31,123.8,917.9,159387.1
2183,18,2024-01-06,167.7,1005.9,160012.3
2184,18,2024-01-11,138.0,1005.7,160621.8
2185,18,2024-01-19,148.8,1003.3,161224.8
2186,18,2024-01-24,127.4,990.3,161780.4
2187,18,2024-01-29,280.5,980.7,162227.7
2188,18,2024-02-06,178.7,945.8,162904.6
2189,18,2024-02-12,280.7,952.7,163380.2
2190,18,2024-02-16,37.3,1005.9,163865.0
2191,18,2024-02-20,117.3,958.8,164342.7
2192,18,2024-03-01,144.1,976.2,164897.9
2193,18,2024-03-04,99.8,991.9,165297.7
2194,18,2024-03-12,190.8,965.1,166040.2
2195,18,2024-03-19,119.9,989.1,166537.8
2196,18,2024-03-25,108.9,1003.4,166987.3
2197,18,2024-03-30,126.7,959.9,167533.5
2198,18,2024-04-08,100.2,1080.2,167942.3
2199,18,2024-04-17,34.2,1067.6,168402.9
2200,18,2024-04-28,149.1,1105.0,168961.8
2201,18,2024-05-02,130.9,1098.8,169462.2
2202,18,2024-05-06,107.4,1099.2,169918.6
2203,18,2024-05-16,173.8,1107.0,170568.9
2204,18,2024-06-01,143.2,1110.0,171159.9
2205,18,2024-06-07,113.7,1048.8,171595.9
2206,18,2024-06-14,119.1,1056.1,172044.3
2207,18,2024-06-22,115.4,1107.9,172486.3
2208,18,2024-07-13,128.2,1143.2,172977.6
2209,18,2024-07-26,110.7,1220.3,173455.0
2210,18,2024-08-09,124.0,1222.5,173935.3
2211,18,2024-08-21,112.3,1211.5,174435.1
2212,18,2024-09-03,124.2,1141.7,174994.4
2213,18,2024-09-13,122.3,1164.6,175488.3
2214,18,2024-09-23,133.3,1187.6,176054.6
2215,18,2024-09-29,116.0,1205.3,176532.3
2216,18,2024-10-07,119.7,1352.9,176978.5
2217,18,2024-10-12,99.8,1347.3,177405.9
2218,18,2024-10-30,135.4,1364.1,178015.7
2219,18,2024-11-08,124.5,1399.8,178548.5
2220,18,2024-11-15,108.0,1391.8,178989.6
2221,18,2024-11-23,144.9,1315.7,179570.2
2222,18,2024-12-01,144.3,1400.4,180118.2
2223,18,2024-12-06,144.9,1347.4,180703.7
2224,18,2024-12-10,96.7,1344.4,181118.3
2225,18,2024-12-14,146.5,1376.5,181689.3
2226,18,2024-12-20,136.0,1373.0,182255.3
2227,18,2024-12-26,110.4,1376.9,182742.8
2228,19,2023-02-03,147.9,585.1,664.3
2229,19,2023-02-09,118.0,613.6,1294.4
2230,19,2023-02-14,110.4,595.3,1802.7
2231,19,2023-02-18,86.1,628.0,2226.4
2232,19,2023-02-23,101.9,602.2,2756.0
2233,19,2023-02-28,39.1,584.8,3339.2
2234,19,2023-03-05,41.1,602.7,3959.7
2235,19,2023-03-10,109.9,612.3,4497.4
2236,19,2023-03-19,139.5,588.9,5120.3
2237,19,2023-03-23,108.7,600.8,5702.5
2238,19,2023-03-28,102.1,620.4,6165.9
2239,19,2023-04-06,103.8,703.4,6678.2
2240,19,2023-04-14,102.9,723.9,7188.2
2241,19,2023-04-18,110.9,682.5,7724.7
2242,19,2023-04-27,110.8,688.4,8284.6
2243,19,2023-05-11,137.2,712.2,8932.4
2244,19,2023-05-23,119.0,693.9,9497.6
2245,19,2023-05-30,114.5,698.5,10010.1
2246,19,2023-06-05,117.7,728.1,10598.9
2247,19,2023-06-16,82.7,677.8,11021.6
2248,19,2023-07-11,159.6,815.6,11771.5
2249,19,2023-07-20,109.7,811.3,12328.6
2250,19,2023-07-27,93.0,782.6,12756.0
2251,19,2023-08-04,105.1,806.5,13326.3
2252,19,2023-08-14,106.8,800.8,13831.8
2253,19,2023-08-25,107.0,782.9,14386.2
2254,19,2023-09-04,143.4,795.6,15113.6
2255,19,2023-09-10,88.9,791.4,15565.7
2256,19,2023-09-20,127.0,830.6,16155.1
2257,19,2023-10-05,158.4,933.7,16918.7
2258,19,2023-10-11,93.0,890.8,17390.0
2259,19,2023-10-21,104.9,938.7,17883.9
2260,19,2023-11-02,147.6,918.9,18579.4
2261,19,2023-11-08,118.1,891.4,19128.0
2262,19,2023-11-15,125.9,881.7,19742.2
2263,19,2023-11-22,106.2,914.7,20227.4
2264,19,2023-11-30,148.6,942.8,20913.2
2265,19,2023-12-06,148.8,878.0,21612.6
2266,19,2023-12-10,96.5,894.8,22087.0
2267,19,2023-12-15,150.1,882.1,22763.5
2268,19,2023-12-20,108.8,907.3,23267.4
2269,19,2023-12-24,95.2,886.0,23700.9
2270,19,2023-12-28,89.6,881.5,24113.7
2271,19,2024-01-02,108.7,1008.0,24607.9
2272,19,2024-01-08,128.2,940.4,25295.6
2273,19,2024-01-13,106.0,946.6,25824.6
2274,19,2024-01-20,108.6,961.4,26342.5
2275,19,2024-01-25,109.7,971.6,26856.2
2276,19,2024-01-29,115.0,975.4,27400.4
2277,19,2024-02-03,97.3,959.6,27884.8
2278,19,2024-02-08,91.4,950.5,28375.5
2279,19,2024-02-14,127.3,1015.9,28951.9
2280,19,2024-02-18,102.9,954.6,29416.5
2281,19,2024-02-23,83.3,939.2,29821.4
2282,19,2024-03-01,129.0,994.4,30445.1
2283,19,2024-03-11,95.0,953.4,30881.7
2284,19,2024-03-19,103.3,1001.1,31353.1
2285,19,2024-03-29,101.5,971.0,31848.0
2286,19,2024-04-10,102.6,1062.3,32309.9
2287,19,2024-04-14,97.1,1084.8,32760.4
2288,19,2024-04-20,121.5,1110.6,33401.2
2289,19,2024-04-30,293.3,1099.1,33965.3
2290,19,2024-05-14,101.1,1070.2,34477.0
2291,19,2024-05-31,105.9,1042.4,34978.0
2292,19,2024-06-15,113.6,1122.2,35509.9
2293,19,2024-06-22,130.9,1107.8,36110.2
2294,19,2024-07-06,94.9,1209.5,36534.7
2295,19,2024-07-13,98.3,1223.3,36979.0
2296,19,2024-07-23,95.5,1172.1,37437.6
2297,19,2024-08-07,139.8,1231.8,38076.7
2298,19,2024-08-15,105.3,1157.6,38561.8
2299,19,2024-08-25,107.8,1177.7,39072.3
2300,19,2024-09-07,96.7,1183.3,39522.7
2301,19,2024-09-19,156.7,1145.3,40299.1
2302,19,2024-09-26,117.1,1204.3,40834.4
2303,19,2024-10-09,101.2,1366.4,41376.1
2304,19,2024-10-14,84.2,1408.1,41765.3
2305,19,2024-10-20,118.5,1341.8,42295.9
2306,19,2024-11-03,131.6,1384.4,42918.7
2307,19,2024-11-10,118.3,1404.8,43537.0
2308,19,2024-11-15,97.7,1332.7,44014.9
2309,19,2024-11-18,107.5,1401.1,44516.4
2310,19,2024-11-27,137.3,1360.0,45216.6
2311,19,2024-12-04,112.7,1328.6,45761.5
2312,19,2024-12-09,103.6,1345.8,46286.8
2313,19,2024-12-15,122.6,1394.3,46865.3
2314,19,2024-12-23,126.9,1391.2,47554.3
2315,19,2024-12-27,99.8,1402.9,48022.1
2316,20,2022-01-07,79.6,397.7,115876.1
2317,20,2022-01-11,67.8,384.2,116395.8
2318,20,2022-01-14,65.2,386.0,116876.1
2319,20,2022-01-20,64.3,391.6,117401.5
2320,20,2022-01-24,73.6,386.6,118024.0
2321,20,2022-01-29,63.6,399.1,118491.8
2322,20,2022-02-03,62.4,412.2,118962.6
2323,20,2022-02-08,70.8,387.2,119482.1
2324,20,2022-02-13,75.1,403.5,120019.6
2325,20,2022-02-19,89.3,397.9,120778.9
2326,20,2022-02-27,103.2,404.4,121529.3
2327,20,2022-03-06,57.5,413.8,121949.1
2328,20,2022-03-16,76.9,397.4,122514.9
2329,20,2022-03-23,56.3,402.2,122953.5
2330,20,2022-03-30,74.2,389.8,123487.0
2331,20,2022-04-08,86.5,430.0,124106.9
2332,20,2022-04-14,51.8,434.3,124506.9
2333,20,2022-04-21,73.7,455.4,125077.4
2334,20,2022-04-28,63.5,446.7,125555.3
2335,20,2022-05-07,73.2,437.0,126105.9
2336,20,2022-05-16,67.0,454.5,126650.7
2337,20,2022-05-23,59.4,455.4,127156.4
2338,20,2022-06-03,138.2,440.9,127701.4
2339,20,2022-06-16,66.4,431.5,128203.8
2340,20,2022-06-26,59.1,431.1,128700.8
2341,20,2022-07-09,71.1,491.8,129210.2
2342,20,2022-07-13,65.7,508.7,129695.0
2343,20,2022-07-20,68.9,493.4,130224.6
2344,20,2022-07-28,157.1,492.1,130742.7
2345,20,2022-08-05,87.3,515.4,131391.1
2346,20,2022-08-15,79.4,515.0,131996.6
2347,20,2022-08-22,74.3,523.5,132556.1
2348,20,2022-08-30,58.0,522.2,133004.1
2349,20,2022-09-06,87.5,507.7,133642.9
2350,20,2022-09-12,76.2,509.1,134253.7
2351,20,2022-09-23,84.3,501.8,134867.6
2352,20,2022-10-02,61.3,550.2,135330.0
2353,20,2022-10-09,82.5,554.2,135935.6
2354,20,2022-10-14,71.9,577.0,136497.4
2355,20,2022-10-18,77.2,587.7,137062.0
2356,20,2022-10-25,98.8,587.4,137770.6
2357,20,2022-10-31,65.5,547.4,138314.3
2358,20,2022-11-05,58.2,589.3,138793.0
2359,20,2022-11-10,76.7,563.4,139386.5
2360,20,2022-11-16,77.0,590.1,140045.8
2361,20,2022-11-20,65.6,565.9,140572.3
2362,20,2022-11-26,64.0,582.0,141101.0
2363,20,2022-12-01,56.3,552.5,141527.3
2364,20,2022-12-06,83.1,548.8,142124.8
2365,20,2022-12-11,87.8,588.5,142802.6
2366,20,2022-12-18,73.6,557.0,143389.1
2367,20,2022-12-23,69.8,547.3,143971.2
2368,20,2022-12-27,66.9,576.8,144475.7
2369,20,2022-12-31,61.2,581.7,144917.7
2370,20,2023-01-04,63.1,611.4,145392.6
2371,20,2023-01-08,56.7,620.1,145831.6
2372,20,2023-01-12,147.7,623.2,146301.3
2373,20,2023-01-16,54.5,612.8,146731.1
2374,20,2023-01-22,89.3,626.2,147385.6
2375,20,2023-01-26,65.2,603.7,147918.4
2376,20,2023-01-31,61.7,605.9,148428.5
2377,20,2023-02-04,53.4,606.3,148842.8
2378,20,2023-02-08,64.0,611.4,149301.4
2379,20,2023-02-15,61.3,600.5,149753.7
2380,20,2023-02-20,71.6,618.8,150293.3
2381,20,2023-02-25,84.9,622.0,150907.2
2382,20,2023-03-02,75.3,626.0,151462.8
2383,20,2023-03-09,71.3,599.3,152004.2
2384,20,2023-03-14,69.0,608.7,152537.9
2385,20,2023-03-20,86.6,606.2,153169.2
2386,20,2023-03-24,59.3,590.3,153614.0
2387,20,2023-03-30,61.3,612.6,154128.2
2388,20,2023-04-08,74.7,683.5,154717.3
2389,20,2023-04-15,71.4,713.7,155249.3
2390,20,2023-04-21,65.0,679.6,155740.6
2391,20,2023-04-28,65.3,676.4,156221.0
2392,20,2023-05-08,68.9,693.1,156720.9
2393,20,2023-05-24,187.5,717.5,157307.6
2394,20,2023-05-31,74.5,712.1,157877.4
2395,20,2023-06-10,76.9,688.9,158529.2
2396,20,2023-06-27,68.7,687.9,159122.1
2397,20,2023-07-14,79.4,804.1,159739.0
2398,20,2023-07-22,163.2,772.7,160291.1
2399,20,2023-08-03,78.3,812.9,160946.9
2400,20,2023-08-12,90.3,798.7,161603.2
2401,20,2023-08-22,60.1,813.0,162044.5
2402,20,2023-08-29,56.3,811.8,162477.8
2403,20,2023-09-09,68.2,830.0,163014.9
2404,20,2023-09-18,67.8,828.5,163560.0
2405,20,2023-09-26,92.3,792.1,164222.0
2406,20,2023-10-06,83.9,909.2,164848.3
2407,20,2023-10-12,72.5,944.1,165368.1
2408,20,2023-10-19,72.5,903.1,165922.1
2409,20,2023-11-02,88.0,945.3,166611.0
2410,20,2023-11-11,93.8,931.7,167362.9
2411,20,2023-11-15,66.9,921.4,167874.2
2412,20,2023-11-21,62.3,921.7,168404.5
2413,20,2023-11-30,77.4,923.6,168987.2
2414,20,2023-12-10,91.4,889.7,169640.9
2415,20,2023-12-15,86.5,934.3,170279.5
2416,20,2023-12-20,58.9,935.1,170783.6
2417,20,2023-12-24,67.2,945.1,171305.2
2418,20,2023-12-29,80.5,881.7,171881.8
2419,20,2024-01-03,68.0,942.0,172458.0
2420,20,2024-01-11,69.6,1015.8,172995.8
2421,20,2024-01-16,78.8,952.1,173572.1
2422,20,2024-01-24,77.7,1003.8,174217.0
2423,20,2024-01-29,83.3,964.5,174894.0
2424,20,2024-02-06,68.7,983.1,175405.1
2425,20,2024-02-13,62.4,1001.7,175924.6
2426,20,2024-02-20,64.8,941.4,176409.8
2427,20,2024-02-26,77.0,972.6,176981.2
2428,20,2024-03-04,94.2,1007.0,177690.0
2429,20,2024-03-10,81.8,992.4,178351.6
2430,20,2024-03-20,60.7,966.3,178831.5
2431,20,2024-03-26,75.9,966.5,179377.5
2432,20,2024-04-13,73.5,1109.7,179919.9
2433,20,2024-04-25,52.5,1037.1,180307.0
2434,20,2024-05-03,54.2,1075.6,180733.7
2435,20,2024-05-14,55.7,1056.7,181202.4
2436,20,2024-05-22,76.0,1056.7,181782.9
2437,20,2024-05-28,82.1,1101.3,182448.2
2438,20,2024-06-18,81.2,1117.4,183030.5
2439,20,2024-06-25,22.8,1115.2,183605.9
2440,20,2024-07-11,65.6,1176.9,184133.2
2441,20,2024-07-27,73.1,1160.0,184679.1
2442,20,2024-08-03,75.0,1208.4,185231.6
2443,20,2024-08-16,74.8,1143.9,185810.6
2444,20,2024-08-27,96.7,1206.3,186518.8
2445,20,2024-09-13,77.6,1154.2,187097.4
2446,20,2024-09-21,80.5,1223.9,187739.3
2447,20,2024-10-01,79.7,1323.8,188320.8
2448,20,2024-10-09,72.4,1383.3,188907.4
2449,20,2024-10-17,69.4,1343.7,189447.8
2450,20,2024-10-24,59.7,1337.7,189876.5
2451,20,2024-10-31,67.0,1418.9,190377.3
2452,20,2024-11-05,69.2,1407.1,190932.2
2453,20,2024-11-11,75.1,1381.6,191569.5
2454,20,2024-11-17,80.3,1399.4,192157.5
2455,20,2024-11-24,54.7,1369.7,192627.7
2456,20,2024-12-01,124.1,1393.1,193100.9
2457,20,2024-12-07,68.4,1386.7,193663.1
2458,20,2024-12-15,24.5,1333.1,194279.0
2459,20,2024-12-22,70.7,1386.7,194885.3
2460,20,2024-12-26,60.7,1354.6,195334.8
2461,21,2023-03-18,144.1,618.4,542.5
2462,21,2023-03-27,149.7,594.5,1094.3
2463,21,2023-04-01,139.3,726.1,1543.6
2464,21,2023-04-08,159.1,701.3,2063.4
2465,21,2023-04-20,169.7,688.7,2623.6
2466,21,2023-04-28,149.7,697.6,3139.2
2467,21,2023-05-08,158.4,679.9,3646.0
2468,21,2023-05-20,169.2,691.9,4277.6
2469,21,2023-05-26,164.6,682.9,4879.4
2470,21,2023-06-08,126.6,702.0,5357.6
2471,21,2023-06-22,190.4,683.6,6009.0
2472,21,2023-07-10,163.8,777.1,6578.2
2473,21,2023-07-18,148.3,802.4,7053.5
2474,21,2023-07-31,125.1,805.4,7509.5
2475,21,2023-08-15,154.6,812.8,8007.7
2476,21,2023-08-25,162.0,783.3,8573.9
2477,21,2023-09-06,184.1,808.2,9245.0
2478,21,2023-09-21,176.7,769.5,9833.3
2479,21,2023-09-30,191.9,781.5,10517.0
2480,21,2023-10-08,183.2,930.1,11134.9
2481,21,2023-10-16,156.9,927.1,11734.6
2482,21,2023-10-21,123.7,941.0,12131.3
2483,21,2023-10-28,182.7,880.5,12782.2
2484,21,2023-11-03,140.8,887.4,13268.5
2485,21,2023-11-07,159.0,928.2,13790.8
2486,21,2023-11-14,153.7,928.9,14282.7
2487,21,2023-11-20,138.6,895.9,14819.4
2488,21,2023-12-03,212.7,908.1,15506.6
2489,21,2023-12-08,123.4,917.5,15948.1
2490,21,2023-12-13,158.1,912.1,16500.8
2491,21,2023-12-17,133.6,910.6,16943.2
2492,21,2023-12-22,151.9,915.5,17473.6
2493,21,2023-12-26,122.1,946.6,17887.9
2494,21,2024-01-01,191.0,1011.8,18546.2
2495,21,2024-01-06,160.4,991.5,19165.2
2496,21,2024-01-13,145.6,950.6,19717.2
2497,21,2024-01-18,137.9,980.8,20206.6
2498,21,2024-01-25,181.5,938.3,20825.6
2499,21,2024-02-02,205.8,1006.5,21488.5
2500,21,2024-02-07,159.3,976.9,22002.3
2501,21,2024-02-11,379.1,1014.3,22509.2
2502,21,2024-02-18,203.1,992.4,23167.5
2503,21,2024-02-22,139.2,986.9,23623.9
2504,21,2024-03-03,170.3,1011.8,24257.1
2505,21,2024-03-15,178.0,963.9,24934.3
2506,21,2024-03-20,163.6,1013.6,25470.6
2507,21,2024-04-02,131.3,1092.4,25915.7
2508,21,2024-04-15,155.2,1119.7,26509.1
2509,21,2024-04-28,180.0,1094.3,27165.1
2510,21,2024-05-09,152.6,1089.4,27654.0
2511,21,2024-05-27,197.8,1103.8,28350.0
2512,21,2024-06-07,129.5,1056.0,28825.3
2513,21,2024-06-16,141.5,1105.7,29277.8
2514,21,2024-06-25,130.9,1075.0,29722.6
2515,21,2024-07-01,171.0,1152.6,30366.5
2516,21,2024-07-14,130.3,1141.1,30820.3
2517,21,2024-07-24,160.0,1222.4,31429.9
2518,21,2024-08-03,136.1,1145.6,31877.1
2519,21,2024-08-13,182.8,1211.3,32471.8
2520,21,2024-08-21,140.2,1196.1,32919.4
2521,21,2024-08-29,142.7,1209.2,33412.5
2522,21,2024-09-04,132.4,1143.5,33875.6
2523,21,2024-09-12,175.5,1153.8,34438.7
2524,21,2024-09-19,169.3,1213.2,35021.5
2525,21,2024-10-08,177.0,1400.7,35670.0
2526,21,2024-10-14,178.8,1389.5,36296.7
2527,21,2024-10-23,203.3,1385.9,36987.3
2528,21,2024-11-02,159.5,1384.5,37526.6
2529,21,2024-11-07,153.1,1397.1,38112.6
2530,21,2024-11-19,39.8,1341.3,38605.8
2531,21,2024-11-28,217.4,1389.0,39311.9
2532,21,2024-12-01,40.0,1346.4,39753.6
2533,21,2024-12-07,162.0,1364.8,40376.4
2534,21,2024-12-12,215.6,1321.5,41126.4
2535,21,2024-12-16,156.2,1386.2,41636.8
2536,21,2024-12-23,141.7,1331.5,42101.9
2537,21,2024-12-27,141.1,1410.1,42608.0
2538,22,2022-01-08,90.7,400.7,157193.7
2539,22,2022-01-11,66.3,410.1,157591.9
2540,22,2022-01-16,75.3,412.6,158041.3
2541,22,2022-01-20,73.2,410.2,158524.1
2542,22,2022-01-25,80.9,396.1,159040.9
2543,22,2022-01-30,76.6,407.5,159554.0
2544,22,2022-02-02,59.1,405.9,159919.0
2545,22,2022-02-08,89.8,389.1,160505.5
2546,22,2022-02-12,90.6,407.0,161079.4
2547,22,2022-02-19,82.5,412.2,161648.4
2548,22,2022-02-23,82.1,410.3,162148.6
2549,22,2022-02-28,90.2,386.3,162719.4
2550,22,2022-03-05,92.4,405.9,163317.0
2551,22,2022-03-13,95.7,406.1,163997.0
2552,22,2022-03-16,65.7,387.5,164433.9
2553,22,2022-03-22,87.1,407.8,164999.8
2554,22,2022-03-30,106.9,397.8,165644.4
2555,22,2022-04-07,80.5,453.2,166204.8
2556,22,2022-04-15,71.3,439.6,166708.8
2557,22,2022-04-22,73.3,431.0,167203.0
2558,22,2022-05-04,107.7,453.3,167849.3
2559,22,2022-05-13,81.2,455.8,168358.4
2560,22,2022-05-19,71.2,443.8,168816.1
2561,22,2022-05-27,183.5,431.3,169334.0
2562,22,2022-06-09,84.3,450.8,169893.0
2563,22,2022-06-14,70.9,454.3,170354.5
2564,22,2022-06-21,69.3,436.1,170770.8
2565,22,2022-07-01,84.6,518.0,171322.3
2566,22,2022-07-06,64.6,493.2,171712.0
2567,22,2022-07-12,63.7,492.9,172159.5
2568,22,2022-07-28,89.2,516.1,172697.9
2569,22,2022-08-06,58.6,505.1,173061.3
2570,22,2022-08-14,90.6,502.1,173632.3
2571,22,2022-08-20,66.9,487.8,174060.2
2572,22,2022-08-27,60.9,486.0,174443.4
2573,22,2022-09-03,76.3,514.1,174969.6
2574,22,2022-09-07,72.4,486.6,175403.9
2575,22,2022-09-12,77.4,496.6,175949.9
2576,22,2022-09-18,80.6,507.0,176433.0
2577,22,2022-09-22,71.3,503.3,176876.3
2578,22,2022-09-28,66.6,485.7,177306.9
2579,22,2022-10-05,93.2,582.4,177916.8
2580,22,2022-10-10,70.9,564.1,178351.0
2581,22,2022-10-15,94.4,589.9,178960.1
2582,22,2022-10-21,69.4,570.8,179409.7
2583,22,2022-10-27,83.4,578.7,179965.7
2584,22,2022-10-31,74.2,573.1,180447.0
2585,22,2022-11-05,85.5,585.4,180964.4
2586,22,2022-11-09,66.9,589.1,181402.2
2587,22,2022-11-15,84.8,581.8,181926.7
2588,22,2022-11-18,72.6,589.3,182442.0
2589,22,2022-11-24,95.5,586.1,183026.0
2590,22,2022-11-28,76.0,556.1,183484.4
2591,22,2022-12-04,69.4,551.3,183905.4
2592,22,2022-12-07,57.5,575.3,184265.5
2593,22,2022-12-13,106.8,554.2,184957.2
2594,22,2022-12-18,81.0,574.0,185447.9
2595,22,2022-12-22,80.9,584.1,185946.7
2596,22,2022-12-26,70.7,554.6,186443.1
2597,22,2022-12-30,68.7,570.3,186886.2
2598,22,2023-01-03,88.8,607.0,187417.5
2599,22,2023-01-07,88.5,616.0,187954.3
2600,22,2023-01-12,78.7,599.7,188498.6
2601,22,2023-01-17,77.4,589.4,188982.4
2602,22,2023-01-22,75.1,585.9,189497.6
2603,22,2023-01-26,76.5,613.4,189964.4
2604,22,2023-01-30,88.1,629.3,190528.6
2605,22,2023-02-05,119.0,629.0,191261.2
2606,22,2023-02-09,72.5,602.6,191703.1
2607,22,2023-02-14,82.6,632.7,192218.1
2608,22,2023-02-18,63.9,614.7,192656.8
2609,22,2023-02-24,94.8,592.2,193229.4
2610,22,2023-02-28,68.0,604.0,193672.1
2611,22,2023-03-05,108.3,626.8,194362.0
2612,22,2023-03-10,89.4,621.7,194941.9
2613,22,2023-03-17,65.3,615.8,195331.5
2614,22,2023-03-21,82.2,615.3,195821.0
2615,22,2023-03-27,64.8,619.3,196284.6
2616,22,2023-04-02,84.6,698.2,196793.3
2617,22,2023-04-13,98.7,683.1,197422.6
2618,22,2023-04-18,76.1,717.7,197962.0
2619,22,2023-04-22,82.1,698.7,198461.7
2620,22,2023-05-01,87.0,701.2,199016.6
2621,22,2023-05-07,91.3,724.7,199614.4
2622,22,2023-05-18,81.3,708.3,200129.6
2623,22,2023-05-28,108.7,728.7,200800.4
2624,22,2023-06-10,22.4,712.5,201310.7
2625,22,2023-06-16,79.8,699.7,201792.7
2626,22,2023-07-07,83.0,776.0,202357.3
2627,22,2023-07-20,85.7,771.4,202918.7
2628,22,2023-08-03,74.2,797.4,203425.6
2629,22,2023-08-11,90.4,814.2,204054.5
2630,22,2023-08-16,69.7,788.6,204536.6
2631,22,2023-08-28,95.3,822.6,205122.3
2632,22,2023-09-04,67.6,777.6,205529.2
2633,22,2023-09-12,75.3,782.8,206000.0
2634,22,2023-09-19,89.1,783.5,206580.0
2635,22,2023-10-05,84.4,909.5,207148.0
2636,22,2023-10-09,76.7,904.5,207648.7
2637,22,2023-10-14,101.1,924.2,208266.9
2638,22,2023-10-20,83.5,876.9,208776.0
2639,22,2023-10-24,144.1,932.3,209187.0
2640,22,2023-10-31,72.0,910.6,209655.8
2641,22,2023-11-10,87.3,898.9,210229.6
2642,22,2023-11-19,89.5,946.8,210764.4
2643,22,2023-11-23,71.1,874.6,211235.6
2644,22,2023-11-30,69.8,933.1,211689.6
2645,22,2023-12-04,87.5,910.5,212215.8
2646,22,2023-12-08,91.9,885.1,212779.3
2647,22,2023-12-15,76.9,910.8,213259.1
2648,22,2023-12-20,83.6,938.1,213790.0
2649,22,2023-12-23,71.2,914.8,214214.5
2650,22,2023-12-27,141.7,907.6,214675.4
2651,22,2023-12-30,61.0,910.2,215093.3
2652,22,2024-01-06,74.1,981.3,215556.8
2653,22,2024-01-11,87.8,1009.0,216163.0
2654,22,2024-01-17,99.2,970.8,216762.2
2655,22,2024-01-27,121.2,962.0,217505.1
2656,22,2024-01-31,80.3,1008.8,218001.9
2657,22,2024-02-07,96.9,965.3,218607.1
2658,22,2024-02-12,74.4,1001.6,219059.8
2659,22,2024-02-17,97.4,1000.8,219647.4
2660,22,2024-02-22,70.4,974.2,220072.9
2661,22,2024-02-27,81.6,973.8,220591.4
2662,22,2024-03-04,98.3,959.3,221180.3
2663,22,2024-03-12,84.8,980.2,221715.7
2664,22,2024-03-20,79.5,939.2,222287.5
2665,22,2024-03-27,89.7,980.5,222838.4
2666,22,2024-04-03,86.1,1046.4,223356.7
2667,22,2024-04-10,73.3,1056.4,223861.3
2668,22,2024-04-15,58.2,1052.3,224263.2
2669,22,2024-04-23,100.6,1051.2,224882.3
2670,22,2024-04-27,66.9,1120.7,225321.3
2671,22,2024-05-04,88.4,1041.9,225895.6
2672,22,2024-05-11,66.6,1065.8,226294.0
2673,22,2024-05-20,72.7,1039.1,226784.7
2674,22,2024-05-30,80.1,1091.4,227314.3
2675,22,2024-06-03,65.1,1076.8,227763.2
2676,22,2024-06-21,61.4,1104.6,228175.2
2677,22,2024-07-07,74.5,1222.1,228663.0
2678,22,2024-07-19,81.0,1169.1,229158.2
2679,22,2024-08-01,63.9,1225.0,229579.4
2680,22,2024-08-08,64.3,1165.4,229978.1
2681,22,2024-08-19,91.6,1158.1,230535.2
2682,22,2024-08-28,86.9,1217.3,231079.3
2683,22,2024-09-09,84.8,1177.1,231599.9
2684,22,2024-09-13,83.9,1226.8,232117.4
2685,22,2024-09-24,85.4,1148.0,232627.9
2686,22,2024-10-05,87.3,1367.4,233238.2
2687,22,2024-10-10,68.5,1345.8,233666.5
2688,22,2024-10-21,88.1,1405.3,234233.6
2689,22,2024-11-01,79.1,1410.7,234739.3
2690,22,2024-11-12,85.7,1393.7,235251.8
2691,22,2024-11-18,95.2,1399.0,235827.6
2692,22,2024-11-21,62.9,1343.7,236213.0
2693,22,2024-11-29,86.6,1326.9,236825.0
2694,22,2024-12-05,81.6,1413.6,237378.9
2695,22,2024-12-11,232.7,1314.7,237920.7
2696,22,2024-12-18,77.6,1373.0,238419.3
2697,22,2024-12-24,84.9,1383.6,238979.4
2698,22,2024-12-29,88.9,1326.2,239517.7
2699,23,2022-01-09,82.6,406.9,122065.8
2700,23,2022-01-14,62.1,394.5,122537.7
2701,23,2022-01-18,58.3,391.3,123039.5
2702,23,2022-01-23,67.9,409.5,123546.6
2703,23,2022-01-29,73.8,401.8,124172.2
2704,23,2022-02-02,64.5,411.9,124721.8
2705,23,2022-02-07,70.5,402.0,125258.0
2706,23,2022-02-12,70.0,403.3,125780.2
2707,23,2022-02-21,84.2,393.1,126479.4
2708,23,2022-02-26,73.3,393.7,127051.3
2709,23,2022-03-02,80.8,405.1,127641.6
2710,23,2022-03-06,62.2,389.2,128100.4
2711,23,2022-03-12,70.4,384.4,128622.9
2712,23,2022-03-17,77.0,396.9,129210.3
2713,23,2022-03-27,58.7,402.1,129647.4
2714,23,2022-04-04,83.4,440.8,130325.6
2715,23,2022-04-12,67.6,424.3,130898.5
2716,23,2022-04-25,91.2,453.0,131606.6
2717,23,2022-05-01,73.6,452.7,132171.0
2718,23,2022-05-06,63.5,453.1,132715.0
2719,23,2022-05-12,64.2,451.6,133205.3
2720,23,2022-05-24,67.0,455.4,133734.1
2721,23,2022-05-28,51.0,452.6,134109.7
2722,23,2022-06-04,73.1,431.4,134650.0
2723,23,2022-06-11,62.9,449.0,135153.2
2724,23,2022-06-17,72.4,430.0,135688.7
2725,23,2022-06-29,77.3,448.3,136262.8
2726,23,2022-07-09,75.8,496.5,136865.3
2727,23,2022-07-17,56.3,501.3,137294.0
2728,23,2022-07-23,19.4,488.6,137817.6
2729,23,2022-08-03,73.0,518.4,138374.6
2730,23,2022-08-11,63.7,487.0,138913.4
2731,23,2022-08-17,76.0,500.0,139493.3
2732,23,2022-08-24,64.6,492.5,139968.5
2733,23,2022-09-01,121.2,514.6,140385.2
2734,23,2022-09-09,68.0,491.6,140936.0
2735,23,2022-09-13,52.4,516.0,141327.3
2736,23,2022-09-21,71.6,508.7,141889.9
2737,23,2022-09-27,72.4,507.6,142496.8
2738,23,2022-10-04,76.5,566.1,143160.1
2739,23,2022-10-09,72.5,573.6,143757.4
2740,23,2022-10-17,75.1,580.6,144306.2
2741,23,2022-10-23,86.4,590.5,144929.8
2742,23,2022-10-29,70.2,565.6,145468.3
2743,23,2022-11-02,72.6,562.2,146052.3
2744,23,2022-11-08,80.2,589.2,146740.7
2745,23,2022-11-14,83.1,568.7,147396.2
2746,23,2022-11-20,72.9,575.6,147924.5
2747,23,2022-11-27,98.4,556.8,148637.7
2748,23,2022-12-02,72.1,566.5,149181.3
2749,23,2022-12-05,50.2,546.7,149616.9
2750,23,2022-12-09,68.5,569.9,150160.6
2751,23,2022-12-15,77.5,583.4,150774.0
2752,23,2022-12-19,76.3,580.8,151371.9
2753,23,2022-12-22,57.9,576.9,151800.1
2754,23,2022-12-27,71.9,578.6,152361.5
2755,23,2022-12-31,66.5,582.9,152847.7
2756,23,2023-01-05,85.6,598.7,153488.9
2757,23,2023-01-11,68.6,609.4,154029.0
2758,23,2023-01-18,24.3,608.3,154644.1
2759,23,2023-01-23,78.9,614.8,155275.7
2760,23,2023-01-29,78.2,587.9,155875.0
2761,23,2023-02-05,62.4,592.4,156376.2
2762,23,2023-02-10,63.6,589.4,156901.7
2763,23,2023-02-15,223.6,584.4,157609.2
2764,23,2023-02-21,66.3,605.8,158088.9
2765,23,2023-02-25,68.9,605.7,158610.9
2766,23,2023-03-02,62.2,628.1,159107.7
2767,23,2023-03-09,75.0,598.3,159700.7
2768,23,2023-03-14,55.3,592.2,160119.6
2769,23,2023-03-25,68.6,619.2,160671.3
2770,23,2023-04-04,79.3,688.2,161239.5
2771,23,2023-04-11,73.1,695.8,161769.1
2772,23,2023-04-18,84.6,713.3,162410.8
2773,23,2023-04-30,74.6,730.3,162977.3
2774,23,2023-05-10,72.9,678.9,163518.4
2775,23,2023-05-20,69.6,725.6,164060.9
2776,23,2023-06-03,68.3,702.3,164590.2
2777,23,2023-06-20,65.9,729.3,165082.5
2778,23,2023-07-13,97.6,803.4,165810.0
2779,23,2023-07-20,75.8,795.5,166447.2
2780,23,2023-07-27,62.6,780.8,166982.3
2781,23,2023-08-10,77.6,796.9,167590.2
2782,23,2023-08-25,61.6,819.4,168100.7
2783,23,2023-09-06,63.2,814.9,168634.6
2784,23,2023-09-12,69.4,818.4,169136.0
2785,23,2023-09-20,72.9,817.7,169703.9
2786,23,2023-09-29,79.9,768.2,170308.5
2787,23,2023-10-04,51.1,916.6,170715.6
2788,23,2023-10-14,71.9,917.9,171240.3
2789,23,2023-10-26,77.1,900.5,171856.6
2790,23,2023-11-05,66.0,883.7,172384.1
2791,23,2023-11-12,86.7,931.3,173013.1
2792,23,2023-11-18,67.3,912.8,173552.3
2793,23,2023-11-23,178.9,907.1,174103.1
2794,23,2023-12-01,75.9,933.2,174749.0
2795,23,2023-12-07,71.3,886.2,175274.6
2796,23,2023-12-12,66.9,926.0,175772.1
2797,23,2023-12-18,72.3,945.0,176323.8
2798,23,2023-12-23,72.5,879.3,176845.3
2799,23,2023-12-28,68.7,889.0,177361.5
2800,23,2024-01-01,66.7,1005.5,177839.0
2801,23,2024-01-06,85.2,983.7,178465.0
2802,23,2024-01-13,73.7,999.2,179099.9
2803,23,2024-01-18,87.1,976.9,179739.0
2804,23,2024-01-22,66.6,967.8,180307.7
2805,23,2024-02-01,94.7,1004.9,181066.2
2806,23,2024-02-07,76.1,998.8,181646.1
2807,23,2024-02-13,66.4,992.8,182184.6
2808,23,2024-02-21,88.3,945.9,182819.6
2809,23,2024-02-29,76.0,997.0,183441.2
2810,23,2024-03-09,89.7,973.4,184113.9
2811,23,2024-03-19,65.3,972.2,184601.0
2812,23,2024-03-25,158.9,975.5,185048.4
2813,23,2024-04-02,75.5,1060.3,185625.2
2814,23,2024-04-13,72.5,1092.7,186165.9
2815,23,2024-04-22,81.8,1097.1,186829.8
2816,23,2024-05-08,59.5,1066.9,187257.9
2817,23,2024-05-19,60.3,1076.4,187703.0
2818,23,2024-05-26,70.3,1107.7,188220.1
2819,23,2024-06-09,85.9,1063.2,188845.7
2820,23,2024-06-18,57.5,1059.2,189341.3
2821,23,2024-07-08,84.2,1215.5,189967.8
2822,23,2024-07-22,77.2,1211.2,190601.8
2823,23,2024-08-10,88.0,1205.5,191276.1
2824,23,2024-08-23,62.7,1169.9,191751.3
2825,23,2024-09-03,165.6,1213.3,192210.3
2826,23,2024-09-10,76.9,1159.7,192786.0
2827,23,2024-09-28,64.7,1160.2,193343.2
2828,23,2024-10-02,53.4,1320.2,193739.5
2829,23,2024-10-06,87.0,1415.9,194364.3
2830,23,2024-10-19,65.3,1323.8,194833.5
2831,23,2024-10-28,70.6,1324.9,195408.4
2832,23,2024-11-06,63.5,1420.0,195915.9
2833,23,2024-11-13,67.3,1368.8,196403.8
2834,23,2024-11-22,58.1,1317.0,196831.6
2835,23,2024-11-30,77.7,1326.0,197474.0
2836,23,2024-12-06,58.1,1352.0,197922.1
2837,23,2024-12-11,64.6,1416.4,198406.3
2838,23,2024-12-18,64.8,1406.2,198911.0
2839,23,2024-12-24,193.4,1414.2,199517.5
2840,23,2024-12-29,56.8,1326.8,199935.3
2841,24,2024-01-11,425.1,966.2,551.9
2842,24,2024-01-16,143.0,978.5,1033.0
2843,24,2024-01-22,165.5,946.1,1669.5
2844,24,2024-01-25,110.7,947.8,2038.9
2845,24,2024-01-29,115.9,1010.2,2438.1
2846,24,2024-02-04,178.7,964.0,3084.3
2847,24,2024-02-10,149.0,987.0,3647.0
2848,24,2024-02-18,150.2,994.2,4213.0
2849,24,2024-02-21,121.5,994.9,4616.0
2850,24,2024-02-28,160.6,958.5,5189.5
2851,24,2024-03-07,182.6,1007.2,5811.2
2852,24,2024-03-17,211.0,950.4,6522.1
2853,24,2024-03-28,201.8,938.7,7274.7
2854,24,2024-04-05,171.7,1098.1,7858.6
2855,24,2024-04-12,171.9,1088.2,8491.0
2856,24,2024-04-23,154.1,1096.2,9037.2
2857,24,2024-05-07,224.8,1119.5,9796.6
2858,24,2024-05-18,145.8,1065.6,10307.8
2859,24,2024-06-04,122.6,1042.0,10738.6
2860,24,2024-06-19,362.7,1037.0,11210.8
2861,24,2024-07-11,152.1,1216.6,11745.2
2862,24,2024-07-28,375.5,1156.1,12369.4
2863,24,2024-08-20,202.1,1218.0,13098.8
2864,24,2024-08-30,144.1,1176.8,13612.3
2865,24,2024-09-10,146.3,1162.8,14108.2
2866,24,2024-09-19,173.4,1138.6,14748.4
2867,24,2024-10-01,120.2,1340.8,15206.0
2868,24,2024-10-10,357.5,1365.6,15746.9
2869,24,2024-10-27,176.0,1379.0,16376.0
2870,24,2024-11-04,158.8,1417.6,16955.5
2871,24,2024-11-15,166.0,1335.2,17545.7
2872,24,2024-11-20,152.4,1332.0,18078.8
2873,24,2024-11-26,137.9,1335.1,18591.8
2874,24,2024-12-04,173.9,1326.2,19195.6
2875,24,2024-12-11,167.5,1373.9,19826.4
2876,24,2024-12-17,153.8,1394.8,20349.1
2877,24,2024-12-22,155.2,1341.8,20951.7
2878,24,2024-12-27,141.2,1376.4,21422.0
2879,25,2022-01-08,105.5,412.3,127882.2
2880,25,2022-01-12,116.1,386.9,128326.5
2881,25,2022-01-17,133.9,388.2,128853.7
2882,25,2022-01-23,132.3,399.8,129420.1
2883,25,2022-01-30,126.6,395.2,129947.7
2884,25,2022-02-04,42.1,402.6,130572.4
2885,25,2022-02-11,113.6,403.2,130995.2
2886,25,2022-02-16,38.8,400.0,131493.4
2887,25,2022-02-21,104.7,391.6,131916.1
2888,25,2022-02-26,144.9,394.3,132527.8
2889,25,2022-03-01,236.9,398.6,132943.4
2890,25,2022-03-04,91.2,401.0,133312.8
2891,25,2022-03-09,118.5,396.2,133788.1
2892,25,2022-03-20,107.8,396.9,134271.7
2893,25,2022-03-30,122.5,385.6,134770.5
2894,25,2022-04-10,135.8,437.1,135326.0
2895,25,2022-04-13,100.5,456.7,135739.4
2896,25,2022-04-19,118.3,447.3,136180.8
2897,25,2022-04-30,127.6,436.9,136656.1
2898,25,2022-05-16,158.8,443.4,137268.2
2899,25,2022-05-24,126.9,443.1,137789.8
2900,25,2022-06-04,124.2,429.7,138344.3
2901,25,2022-06-12,151.2,455.9,138919.9
2902,25,2022-06-23,125.4,431.2,139455.5
2903,25,2022-07-02,120.4,519.8,139939.7
2904,25,2022-07-17,132.1,495.8,140480.6
2905,25,2022-07-29,124.6,491.7,140983.4
2906,25,2022-08-04,138.0,505.4,141559.6
2907,25,2022-08-16,115.8,509.4,142062.4
2908,25,2022-08-24,133.7,497.3,142638.2
2909,25,2022-09-04,127.0,508.0,143122.6
2910,25,2022-09-13,111.2,513.7,143602.7
2911,25,2022-09-18,141.6,497.7,144136.3
2912,25,2022-09-28,159.7,517.0,144814.7
2913,25,2022-10-04,109.6,575.6,145224.8
2914,25,2022-10-12,185.4,569.3,145921.6
2915,25,2022-10-17,107.2,566.2,146351.0
2916,25,2022-10-24,150.2,557.1,146929.3
2917,25,2022-10-30,114.8,590.4,147358.1
2918,25,2022-11-05,108.3,551.6,147761.4
2919,25,2022-11-12,145.2,556.1,148329.3
2920,25,2022-11-20,126.8,555.8,148837.5
2921,25,2022-11-25,140.1,569.8,149442.5
2922,25,2022-12-01,119.6,581.1,149918.9
2923,25,2022-12-07,98.2,586.6,150336.4
2924,25,2022-12-12,141.1,580.8,150907.7
2925,25,2022-12-15,122.1,561.7,151390.1
2926,25,2022-12-18,89.4,550.2,151788.3
2927,25,2022-12-23,132.3,583.8,152359.3
2928,25,2022-12-27,109.7,547.0,152835.0
2929,25,2023-01-01,133.0,626.8,153348.1
2930,25,2023-01-06,161.4,610.6,153982.8
2931,25,2023-01-10,111.2,598.8,154398.7
2932,25,2023-01-13,101.1,597.3,154803.5
2933,25,2023-01-19,104.4,609.9,155212.2
2934,25,2023-01-23,109.8,592.5,155687.1
2935,25,2023-01-27,128.4,626.5,156203.9
2936,25,2023-01-31,120.8,621.4,156659.0
2937,25,2023-02-05,116.5,584.5,157101.3
2938,25,2023-02-09,223.7,630.4,157555.6
2939,25,2023-02-16,117.5,600.0,158002.7
2940,25,2023-02-21,155.6,619.1,158621.4
2941,25,2023-02-27,127.1,585.2,159186.2
2942,25,2023-03-06,156.6,616.7,159815.0
2943,25,2023-03-16,128.4,609.9,160345.1
2944,25,2023-03-27,135.9,609.8,160899.9
2945,25,2023-04-01,143.4,712.3,161459.2
2946,25,2023-04-08,114.6,689.4,161922.5
2947,25,2023-04-13,112.3,714.8,162362.7
2948,25,2023-04-22,146.8,693.9,163000.3
2949,25,2023-04-26,123.4,688.5,163499.7
2950,25,2023-05-02,119.5,713.6,164019.8
2951,25,2023-05-11,105.9,726.8,164471.6
2952,25,2023-05-22,150.1,720.9,165067.1
2953,25,2023-05-29,106.7,685.0,165498.8
2954,25,2023-06-13,134.6,686.8,166003.6
2955,25,2023-06-26,153.4,684.8,166582.7
2956,25,2023-07-03,111.4,806.8,167012.7
2957,25,2023-07-14,126.9,809.1,167492.9
2958,25,2023-07-24,137.9,808.7,168034.2
2959,25,2023-08-01,98.4,776.2,168467.5
2960,25,2023-08-10,116.1,790.9,168926.7
2961,25,2023-08-16,120.0,797.2,169465.6
2962,25,2023-08-27,34.1,813.6,169891.0
2963,25,2023-09-02,117.2,792.7,170336.9
2964,25,2023-09-14,155.7,828.7,170936.8
2965,25,2023-09-21,109.6,827.0,171414.0
2966,25,2023-10-04,136.3,879.9,172019.7
2967,25,2023-10-14,133.5,933.3,172532.9
2968,25,2023-10-21,154.9,934.5,173138.7
2969,25,2023-10-27,124.4,881.3,173651.0
2970,25,2023-11-01,126.9,909.4,174208.0
2971,25,2023-11-10,152.4,894.4,174782.8
2972,25,2023-11-16,109.1,945.0,175200.4
2973,25,2023-11-22,103.0,891.9,175606.7
2974,25,2023-11-26,103.6,934.8,176015.8
2975,25,2023-12-06,189.1,926.2,176740.4
2976,25,2023-12-11,140.8,930.9,177266.7
2977,25,2023-12-15,131.2,909.7,177761.7
2978,25,2023-12-21,133.6,919.2,178307.8
2979,25,2023-12-25,101.8,910.4,178705.4
2980,25,2023-12-30,115.9,940.7,179199.4
2981,25,2024-01-03,100.9,947.6,179576.0
2982,25,2024-01-09,103.7,989.6,179991.6
2983,25,2024-01-15,99.3,938.9,180377.4
2984,25,2024-01-22,148.3,988.7,181008.2
2985,25,2024-01-28,120.2,942.8,181455.6
2986,25,2024-02-04,90.3,990.8,181797.5
2987,25,2024-02-09,157.0,982.2,182464.0
2988,25,2024-02-15,135.5,951.5,183025.9
2989,25,2024-02-21,133.2,967.1,183555.5
2990,25,2024-02-27,111.1,973.3,184044.8
2991,25,2024-03-04,125.0,944.4,184523.5
2992,25,2024-03-10,132.6,988.4,185026.9
2993,25,2024-03-13,111.5,1014.7,185463.3
2994,25,2024-03-25,142.1,953.5,186011.5
2995,25,2024-03-31,109.6,970.2,186438.8
2996,25,2024-04-11,110.3,1059.0,186872.7
2997,25,2024-04-22,106.9,1100.2,187284.9
2998,25,2024-05-05,122.8,1043.0,187813.5
2999,25,2024-05-17,136.5,1066.2,188347.4
3000,25,2024-06-01,115.8,1044.3,188825.1
3001,25,2024-06-09,130.8,1107.5,189341.6
3002,25,2024-06-26,111.4,1057.4,189798.4
3003,25,2024-07-09,118.0,1188.7,190274.1
3004,25,2024-07-28,133.4,1157.4,190787.2
3005,25,2024-08-12,125.2,1204.3,191344.8
3006,25,2024-08-20,99.9,1143.1,191769.4
3007,25,2024-08-28,138.0,1143.0,192285.3
3008,25,2024-09-12,134.0,1195.4,192869.5
3009,25,2024-09-23,140.2,1151.0,193414.5
3010,25,2024-09-30,120.0,1196.8,193875.4
3011,25,2024-10-05,102.5,1350.7,194305.6
3012,25,2024-10-14,92.1,1410.1,194701.2
3013,25,2024-10-24,35.7,1363.8,195160.6
3014,25,2024-10-31,109.9,1412.2,195588.5
3015,25,2024-11-07,112.6,1334.3,196083.1
3016,25,2024-11-15,117.0,1362.8,196555.4
3017,25,2024-11-24,101.2,1318.6,196971.4
3018,25,2024-12-02,152.7,1390.0,197547.9
3019,25,2024-12-09,117.5,1353.2,197998.8
3020,25,2024-12-17,125.9,1391.9,198542.2
3021,25,2024-12-21,130.0,1335.1,199077.3
3022,25,2024-12-25,146.7,1387.4,199635.1
3023,26,2022-01-07,205.2,406.0,137561.6
3024,26,2022-01-17,136.3,399.4,138027.1
3025,26,2022-01-22,155.2,400.1,138579.7
3026,26,2022-01-29,165.9,409.8,139171.3
3027,26,2022-02-04,187.8,383.0,139793.5
3028,26,2022-02-11,175.0,390.4,140390.0
3029,26,2022-02-17,151.7,385.5,140944.2
3030,26,2022-02-22,138.1,393.4,141435.7
3031,26,2022-02-28,156.0,383.2,141978.9
3032,26,2022-03-10,200.6,401.3,142722.6
3033,26,2022-03-17,121.7,398.4,143162.0
3034,26,2022-03-27,178.9,382.5,143879.5
3035,26,2022-04-05,148.6,451.2,144374.8
3036,26,2022-04-11,145.7,427.3,144890.0
3037,26,2022-04-26,164.2,449.7,145440.0
3038,26,2022-05-10,135.9,423.0,145969.8
3039,26,2022-05-28,175.1,444.8,146655.4
3040,26,2022-06-07,139.2,433.1,147126.2
3041,26,2022-06-25,193.2,423.7,147781.8
3042,26,2022-07-10,153.3,489.0,148365.2
3043,26,2022-07-20,149.1,514.9,148963.5
3044,26,2022-08-02,169.6,491.3,149645.6
3045,26,2022-08-17,170.6,497.9,150316.0
3046,26,2022-09-07,165.4,494.7,150896.6
3047,26,2022-09-12,137.2,519.8,151366.3
3048,26,2022-09-23,182.2,504.5,152017.8
3049,26,2022-10-05,161.3,555.3,152591.4
3050,26,2022-10-12,152.2,557.4,153124.5
3051,26,2022-10-18,120.1,567.3,153599.2
3052,26,2022-10-27,175.8,573.0,154182.3
3053,26,2022-11-07,149.4,584.2,154779.2
3054,26,2022-11-14,158.8,583.2,155395.5
3055,26,2022-11-18,143.3,584.9,155955.5
3056,26,2022-11-27,191.9,551.7,156599.5
3057,26,2022-12-07,198.4,559.9,157315.9
3058,26,2022-12-11,127.5,547.3,157761.5
3059,26,2022-12-16,188.7,550.5,158410.6
3060,26,2022-12-24,207.4,587.5,159118.9
3061,26,2022-12-28,155.4,560.4,159643.9
3062,26,2023-01-02,146.4,616.4,160226.5
3063,26,2023-01-08,175.3,598.6,160848.9
3064,26,2023-01-14,197.5,620.3,161518.2
3065,26,2023-01-20,143.3,623.7,162030.2
3066,26,2023-01-25,127.4,609.2,162482.5
3067,26,2023-01-30,145.0,585.9,163002.0
3068,26,2023-02-03,133.5,630.0,163464.4
3069,26,2023-02-07,155.8,594.5,164038.0
3070,26,2023-02-13,201.4,597.5,164722.7
3071,26,2023-02-16,154.5,630.4,165242.5
3072,26,2023-02-23,182.8,585.5,165870.2
3073,26,2023-02-27,152.7,624.1,166379.6
3074,26,2023-03-04,130.0,607.1,166810.1
3075,26,2023-03-11,180.7,621.3,167448.5
3076,26,2023-03-16,136.3,588.1,167983.5
3077,26,2023-03-22,171.9,587.6,168554.8
3078,26,2023-03-27,133.3,626.0,169007.6
3079,26,2023-04-03,166.1,711.0,169606.0
3080,26,2023-04-16,138.4,721.5,170097.5
3081,26,2023-04-23,176.5,723.1,170694.3
3082,26,2023-05-13,178.9,696.9,171376.7
3083,26,2023-05-26,148.7,682.7,171891.8
3084,26,2023-06-04,150.4,706.7,172428.9
3085,26,2023-06-25,174.9,684.4,173042.4
3086,26,2023-07-09,150.5,830.6,173648.3
3087,26,2023-07-21,210.3,788.0,174351.0
3088,26,2023-08-02,148.8,769.0,174927.7
3089,26,2023-08-20,146.6,774.3,175517.7
3090,26,2023-09-01,237.5,775.4,176321.0
3091,26,2023-09-10,168.3,788.1,176952.7
3092,26,2023-09-15,164.2,803.7,177520.7
3093,26,2023-09-22,128.0,771.3,178010.3
3094,26,2023-10-03,161.7,932.2,178558.1
3095,26,2023-10-14,158.5,878.6,179165.5
3096,26,2023-10-22,134.6,896.8,179666.3
3097,26,2023-10-26,138.8,891.7,180191.0
3098,26,2023-11-03,180.7,943.4,180816.5
3099,26,2023-11-11,498.2,913.8,181459.6
3100,26,2023-11-16,120.6,922.7,181930.0
3101,26,2023-11-21,172.2,900.0,182523.6
3102,26,2023-11-26,150.2,908.5,183071.7
3103,26,2023-12-06,177.1,890.7,183784.1
3104,26,2023-12-10,346.1,920.0,184240.7
3105,26,2023-12-14,138.1,912.2,184721.1
3106,26,2023-12-19,142.6,907.6,185279.1
3107,26,2023-12-24,162.5,895.9,185839.9
3108,26,2024-01-01,147.6,999.0,186349.1
3109,26,2024-01-07,150.5,978.7,186873.8
3110,26,2024-01-10,135.3,976.7,187324.3
3111,26,2024-01-17,176.3,955.7,187953.9
3112,26,2024-01-26,136.6,1006.6,188464.9
3113,26,2024-02-02,146.6,945.3,188973.4
3114,26,2024-02-08,187.1,1014.7,189678.9
3115,26,2024-02-13,133.1,941.0,190178.9
3116,26,2024-02-19,183.4,944.1,190826.3
3117,26,2024-02-27,153.6,957.5,191416.5
3118,26,2024-03-09,204.7,999.6,192166.7
3119,26,2024-03-16,211.9,992.2,192919.0
3120,26,2024-03-24,162.1,958.4,193565.6
3121,26,2024-04-05,211.1,1055.4,194305.3
3122,26,2024-04-11,135.7,1104.1,194764.4
3123,26,2024-04-18,127.2,1114.6,195205.9
3124,26,2024-04-23,116.5,1078.6,195602.0
3125,26,2024-04-30,144.2,1121.0,196145.6
3126,26,2024-05-12,150.5,1083.5,196691.9
3127,26,2024-05-30,118.5,1103.1,197150.0
3128,26,2024-06-10,117.4,1048.4,197546.4
3129,26,2024-06-23,134.0,1082.0,198017.6
3130,26,2024-07-03,148.0,1218.7,198523.8
3131,26,2024-07-16,137.0,1164.7,198982.4
3132,26,2024-07-29,184.7,1150.2,199683.0
3133,26,2024-08-21,166.5,1227.9,200298.1
3134,26,2024-09-03,140.9,1212.0,200798.9
3135,26,2024-09-14,143.7,1148.2,201337.6
3136,26,2024-09-26,161.2,1146.7,201943.8
3137,26,2024-10-05,165.5,1332.9,202535.4
3138,26,2024-10-12,152.7,1339.7,203073.2
3139,26,2024-10-21,157.8,1392.2,203638.2
3140,26,2024-10-31,179.7,1325.1,204270.7
3141,26,2024-11-07,144.5,1401.4,204805.8
3142,26,2024-11-12,176.9,1345.8,205425.9
3143,26,2024-11-22,156.0,1344.0,205963.6
3144,26,2024-12-05,184.3,1406.5,206675.9
3145,26,2024-12-13,167.0,1322.8,207319.4
3146,26,2024-12-21,168.4,1333.7,207888.4
3147,26,2024-12-29,179.5,1359.1,208507.8
3148,27,2022-01-07,98.1,413.4,132288.3
3149,27,2022-01-11,122.0,398.6,132789.4
3150,27,2022-01-17,137.8,393.4,133385.8
3151,27,2022-01-23,116.8,400.1,133912.7
3152,27,2022-01-27,112.9,404.9,134406.5
3153,27,2022-02-07,135.9,411.6,135040.9
3154,27,2022-02-12,109.0,391.8,135517.9
3155,27,2022-02-15,106.2,406.8,135990.5
3156,27,2022-02-19,99.2,392.9,136444.8
3157,27,2022-02-26,121.8,403.4,136955.5
3158,27,2022-03-04,99.6,395.6,137418.9
3159,27,2022-03-07,98.7,411.8,137861.3
3160,27,2022-03-14,109.6,392.3,138317.8
3161,27,2022-03-23,173.9,396.3,139039.8
3162,27,2022-03-29,125.7,390.5,139588.5
3163,27,2022-04-05,129.6,447.9,140134.5
3164,27,2022-04-15,104.9,440.5,140581.9
3165,27,2022-04-27,125.7,437.8,141110.1
3166,27,2022-05-04,95.1,422.0,141509.4
3167,27,2022-05-14,114.4,428.7,141998.8
3168,27,2022-05-23,111.2,423.1,142489.9
3169,27,2022-06-01,97.6,454.9,142910.1
3170,27,2022-06-17,107.8,446.8,143351.3
3171,27,2022-06-27,107.7,446.4,143829.8
3172,27,2022-07-05,118.7,519.4,144321.2
3173,27,2022-07-11,131.0,516.5,144856.1
3174,27,2022-07-17,106.1,515.8,145316.9
3175,27,2022-07-25,103.3,488.7,145753.3
3176,27,2022-08-04,152.5,521.2,146393.3
3177,27,2022-08-11,125.3,485.5,146903.7
3178,27,2022-08-18,126.5,505.9,147477.6
3179,27,2022-08-24,108.9,503.0,147947.4
3180,27,2022-08-29,112.5,492.7,148461.6
3181,27,2022-09-13,121.0,502.6,148953.1
3182,27,2022-09-17,129.5,503.6,149480.6
3183,27,2022-09-25,138.7,509.0,150060.9
3184,27,2022-10-01,132.1,550.1,150615.2
3185,27,2022-10-06,90.7,551.9,151026.2
3186,27,2022-10-14,105.0,547.9,151542.0
3187,27,2022-10-25,102.5,550.6,151980.9
3188,27,2022-10-30,105.3,550.9,152425.5
3189,27,2022-11-04,112.9,566.5,152974.3
3190,27,2022-11-08,103.7,569.5,153397.6
3191,27,2022-11-15,136.1,587.9,154001.6
3192,27,2022-11-21,109.3,550.7,154518.6
3193,27,2022-11-30,120.5,562.5,155033.8
3194,27,2022-12-04,128.4,568.7,155623.3
3195,27,2022-12-08,107.9,580.5,156085.5
3196,27,2022-12-13,135.0,557.5,156635.8
3197,27,2022-12-17,121.1,568.9,157152.6
3198,27,2022-12-22,150.2,581.4,157791.6
3199,27,2022-12-28,135.9,581.5,158402.6
3200,27,2023-01-03,119.0,629.6,158955.2
3201,27,2023-01-09,107.2,629.8,159479.7
3202,27,2023-01-15,109.0,610.8,159980.2
3203,27,2023-01-19,118.1,585.4,160459.9
3204,27,2023-01-23,110.8,588.2,160937.1
3205,27,2023-01-29,104.8,595.6,161400.6
3206,27,2023-02-02,87.1,621.7,161786.1
3207,27,2023-02-07,111.5,608.5,162250.8
3208,27,2023-02-13,96.7,608.5,162693.3
3209,27,2023-02-20,113.3,597.8,163194.8
3210,27,2023-02-28,103.0,607.8,163689.6
3211,27,2023-03-08,95.0,611.6,164075.7
3212,27,2023-03-13,125.1,617.8,164618.0
3213,27,2023-03-22,109.5,628.2,165119.4
3214,27,2023-03-30,125.8,622.4,165656.0
3215,27,2023-04-05,113.7,720.8,166145.2
3216,27,2023-04-12,29.2,715.0,166559.1
3217,27,2023-04-25,119.2,716.2,167099.3
3218,27,2023-05-03,123.0,704.0,167685.1
3219,27,2023-05-19,150.0,681.0,168332.0
3220,27,2023-05-29,166.0,700.6,169096.1
3221,27,2023-06-07,127.5,722.8,169720.9
3222,27,2023-06-12,119.8,726.6,170252.7
3223,27,2023-06-20,120.1,712.2,170740.2
3224,27,2023-06-27,124.9,694.0,171277.2
3225,27,2023-07-05,113.1,815.9,171767.7
3226,27,2023-07-22,119.7,773.3,172337.0
3227,27,2023-08-01,126.3,786.9,172853.3
3228,27,2023-08-10,122.1,775.3,173379.5
3229,27,2023-08-19,106.2,790.1,173837.8
3230,27,2023-08-30,118.7,829.6,174330.0
3231,27,2023-09-09,131.9,817.4,174925.3
3232,27,2023-09-23,107.1,776.5,175376.9
3233,27,2023-10-03,133.0,905.9,175977.0
3234,27,2023-10-10,120.6,930.0,176542.1
3235,27,2023-10-19,117.9,924.2,177041.1
3236,27,2023-10-29,161.7,891.1,177723.1
3237,27,2023-11-05,130.5,901.8,178311.9
3238,27,2023-11-09,126.3,925.6,178900.4
3239,27,2023-11-16,104.0,947.0,179348.3
3240,27,2023-11-25,94.2,903.7,179755.4
3241,27,2023-12-05,127.6,941.1,180291.2
3242,27,2023-12-13,152.9,917.4,180949.3
3243,27,2023-12-19,105.1,891.3,181438.8
3244,27,2023-12-25,107.0,927.4,181924.7
3245,27,2023-12-30,113.0,932.6,182432.2
3246,27,2024-01-07,117.5,1009.0,182997.1
3247,27,2024-01-14,102.6,989.3,183461.1
3248,27,2024-01-20,128.1,969.3,183992.2
3249,27,2024-01-25,107.1,999.8,184455.2
3250,27,2024-01-31,124.6,940.6,184996.6
3251,27,2024-02-06,97.3,968.9,185400.8
3252,27,2024-02-11,96.5,1014.5,185839.6
3253,27,2024-02-17,109.2,957.0,186288.5
3254,27,2024-02-20,98.5,1005.3,186710.2
3255,27,2024-02-25,121.5,973.3,187231.1
3256,27,2024-03-03,146.9,964.0,187855.1
3257,27,2024-03-13,120.8,1006.2,188363.8
3258,27,2024-03-19,105.5,958.1,188847.7
3259,27,2024-03-31,130.6,976.8,189393.8
3260,27,2024-04-04,92.5,1116.4,189783.3
3261,27,2024-04-15,141.0,1095.9,190457.2
3262,27,2024-04-24,135.6,1036.8,191051.9
3263,27,2024-05-08,147.5,1095.4,191685.7
3264,27,2024-05-17,132.1,1108.6,192284.0
3265,27,2024-05-24,104.9,1104.8,192714.1
3266,27,2024-05-29,94.6,1107.7,193128.3
3267,27,2024-06-19,113.8,1052.0,193646.2
3268,27,2024-07-01,92.4,1215.9,194080.5
3269,27,2024-07-17,114.9,1144.1,194556.1
3270,27,2024-07-30,126.3,1216.2,195126.5
3271,27,2024-08-05,126.4,1171.7,195647.2
3272,27,2024-08-18,103.5,1193.8,196094.0
3273,27,2024-08-27,111.1,1225.4,196566.5
3274,27,2024-09-04,120.0,1224.3,197068.8
3275,27,2024-09-15,121.1,1180.3,197607.1
3276,27,2024-09-23,97.1,1167.0,198029.1
3277,27,2024-10-03,119.0,1345.6,198539.4
3278,27,2024-10-11,113.2,1398.2,199095.7
3279,27,2024-10-22,116.3,1400.6,199629.7
3280,27,2024-10-31,109.0,1410.7,200095.5
3281,27,2024-11-12,96.5,1350.3,200541.3
3282,27,2024-11-17,108.5,1312.9,200989.6
3283,27,2024-11-26,145.4,1374.1,201588.8
3284,27,2024-12-08,155.4,1326.2,202287.0
3285,27,2024-12-16,139.9,1338.8,202882.4
3286,27,2024-12-25,125.5,1340.6,203419.0
3287,27,2024-12-30,113.1,1391.8,203891.7
3288,28,2024-05-15,78.0,1069.8,704.2
3289,28,2024-06-06,79.7,1112.1,1442.2
3290,28,2024-06-19,80.9,1045.1,2139.1
3291,28,2024-07-08,64.1,1139.4,2670.7
3292,28,2024-07-20,60.7,1204.4,3269.4
3293,28,2024-07-30,74.4,1204.1,3974.0
3294,28,2024-08-09,63.8,1196.8,4495.9
3295,28,2024-08-17,77.5,1177.2,5193.0
3296,28,2024-09-13,78.7,1195.4,5873.6
3297,28,2024-09-28,74.6,1170.0,6479.0
3298,28,2024-10-10,76.6,1343.7,7164.4
3299,28,2024-10-24,77.8,1392.1,7796.7
3300,28,2024-11-04,64.9,1378.8,8374.4
3301,28,2024-11-16,60.8,1391.5,8917.1
3302,28,2024-11-24,64.6,1332.6,9471.3
3303,28,2024-11-29,61.8,1354.1,9990.2
3304,28,2024-12-05,65.8,1361.3,10558.0
3305,28,2024-12-12,204.6,1333.6,11254.4
3306,28,2024-12-18,66.0,1335.8,11795.1
3307,28,2024-12-25,67.3,1417.0,12386.0
3308,29,2022-01-11,62.5,398.4,116654.8
3309,29,2022-01-17,53.2,408.1,117094.4
3310,29,2022-01-25,78.6,407.6,117764.0
3311,29,2022-02-02,75.5,400.7,118391.8
3312,29,2022-02-08,93.0,413.5,119210.7
3313,29,2022-02-15,58.1,410.7,119694.1
3314,29,2022-02-26,90.0,384.7,120425.4
3315,29,2022-03-04,73.5,404.8,121141.4
3316,29,2022-03-10,64.8,389.3,121675.7
3317,29,2022-03-24,80.6,394.0,122433.5
3318,29,2022-04-07,79.2,453.3,123128.4
3319,29,2022-04-15,73.9,427.4,123776.0
3320,29,2022-04-27,81.2,427.9,124475.5
3321,29,2022-05-15,71.1,447.4,125162.0
3322,29,2022-05-29,78.5,427.0,125931.9
3323,29,2022-06-07,61.3,446.0,126495.4
3324,29,2022-06-16,76.2,430.3,127121.6
3325,29,2022-06-26,68.8,439.0,127714.4
3326,29,2022-07-11,54.1,520.1,128200.9
3327,29,2022-07-27,76.8,501.4,128843.8
3328,29,2022-08-10,60.1,509.2,129358.5
3329,29,2022-08-19,65.6,507.9,129971.3
3330,29,2022-08-26,118.1,505.0,130440.0
3331,29,2022-09-07,76.4,499.8,131106.3
3332,29,2022-09-19,83.0,505.5,131873.2
3333,29,2022-10-01,74.5,553.6,132479.0
3334,29,2022-10-09,76.5,558.2,133101.0
3335,29,2022-10-16,85.8,561.9,133833.8
3336,29,2022-10-25,76.2,583.7,134565.5
3337,29,2022-10-31,63.7,571.0,135140.1
3338,29,2022-11-05,69.1,559.3,135721.5
3339,29,2022-11-10,58.7,551.3,136202.9
3340,29,2022-11-17,75.2,574.1,136834.8
3341,29,2022-11-25,69.5,565.3,137432.7
3342,29,2022-11-30,73.2,562.2,138027.6
3343,29,2022-12-08,82.5,564.3,138733.7
3344,29,2022-12-14,75.5,559.4,139365.0
3345,29,2022-12-21,74.1,574.0,140073.4
3346,29,2022-12-29,84.2,569.8,140840.1
3347,29,2023-01-04,75.8,596.7,141472.1
3348,29,2023-01-13,94.7,630.6,142268.7
3349,29,2023-01-20,73.3,621.9,142947.1
3350,29,2023-01-25,69.8,623.5,143569.4
3351,29,2023-01-31,72.8,589.4,144186.7
3352,29,2023-02-04,55.1,623.4,144637.7
3353,29,2023-02-11,59.9,593.9,145162.7
3354,29,2023-02-16,70.7,592.1,145751.2
3355,29,2023-02-21,64.6,620.5,146310.3
3356,29,2023-03-01,67.9,594.7,146960.2
3357,29,2023-03-07,74.5,614.5,147599.5
3358,29,2023-03-16,66.0,596.8,148189.3
3359,29,2023-03-25,73.8,632.1,148864.6
3360,29,2023-04-05,92.4,710.1,149635.7
3361,29,2023-04-21,77.5,697.8,150320.5
3362,29,2023-05-05,75.1,706.3,150968.2
3363,29,2023-05-19,61.3,697.7,151546.5
3364,29,2023-06-06,83.2,699.8,152317.7
3365,29,2023-06-12,59.5,706.2,152826.7
3366,29,2023-06-21,62.0,711.9,153378.9
3367,29,2023-07-11,69.2,805.3,153970.7
3368,29,2023-08-10,78.7,814.2,154669.4
3369,29,2023-08-16,70.3,816.9,155357.4
3370,29,2023-08-24,76.1,809.4,156052.7
3371,29,2023-08-30,55.4,783.9,156580.9
3372,29,2023-09-11,78.6,797.7,157230.5
3373,29,2023-09-18,69.8,774.1,157880.3
3374,29,2023-09-27,59.4,790.8,158371.0
3375,29,2023-10-08,52.9,921.7,158873.1
3376,29,2023-10-20,81.8,940.7,159606.1
3377,29,2023-11-01,70.2,934.5,160294.2
3378,29,2023-11-07,73.8,902.9,160906.6
3379,29,2023-11-17,89.5,942.2,161674.6
3380,29,2023-11-24,23.3,885.1,162366.5
3381,29,2023-12-01,64.9,916.6,162952.0
3382,29,2023-12-09,102.9,910.5,163806.9
3383,29,2023-12-18,61.3,881.9,164366.5
3384,29,2023-12-25,92.5,878.1,165197.6
3385,29,2023-12-30,69.9,944.9,165804.5
3386,29,2024-01-05,85.4,1003.5,166544.2
3387,29,2024-01-15,78.0,975.1,167237.8
3388,29,2024-01-21,72.1,979.5,167897.1
3389,29,2024-01-26,74.7,953.0,168511.3
3390,29,2024-01-31,52.8,940.5,169012.1
3391,29,2024-02-10,84.2,977.3,169740.1
3392,29,2024-02-16,62.8,959.2,170272.1
3393,29,2024-02-28,70.6,1001.1,170932.9
3394,29,2024-03-06,62.1,981.8,171459.4
3395,29,2024-03-13,58.8,1005.2,172034.4
3396,29,2024-03-23,73.1,982.2,172636.5
3397,29,2024-03-30,61.9,969.0,173202.3
3398,29,2024-04-08,55.3,1050.1,173662.4
3399,29,2024-04-20,76.9,1105.9,174310.6
3400,29,2024-04-30,79.4,1080.6,174955.7
3401,29,2024-05-17,64.4,1105.8,175481.4
3402,29,2024-06-10,57.7,1087.7,176008.5
3403,29,2024-06-18,65.4,1072.6,176547.1
3404,29,2024-07-02,57.2,1231.1,177082.3
3405,29,2024-07-12,83.1,1212.1,177839.5
3406,29,2024-07-31,65.4,1214.4,178372.3
3407,29,2024-08-10,65.5,1188.9,178929.3
3408,29,2024-08-24,64.2,1181.2,179477.2
3409,29,2024-09-16,74.1,1200.8,180164.6
3410,29,2024-09-26,70.7,1191.8,180754.2
3411,29,2024-10-05,75.4,1380.8,181414.3
3412,29,2024-10-15,69.9,1370.5,181988.8
3413,29,2024-10-23,70.0,1338.4,182581.2
3414,29,2024-10-30,82.3,1392.0,183255.3
3415,29,2024-11-07,68.1,1392.5,183833.7
3416,29,2024-11-15,55.8,1364.6,184334.7
3417,29,2024-11-28,74.6,1355.0,184953.7
3418,29,2024-12-06,58.8,1389.0,185469.1
3419,29,2024-12-15,76.8,1404.2,186166.1
3420,29,2024-12-22,67.9,1409.6,186749.5
3421,29,2024-12-27,66.1,1412.1,187329.2
3422,30,2022-01-08,133.7,404.6,156671.1
3423,30,2022-01-14,127.5,401.2,157173.1
3424,30,2022-01-21,138.4,411.0,157778.5
3425,30,2022-01-27,148.1,399.6,158331.5
3426,30,2022-02-02,166.2,387.5,158968.0
3427,30,2022-02-09,137.7,389.8,159557.1
3428,30,2022-02-14,114.4,397.8,159990.0
3429,30,2022-02-19,108.1,394.9,160439.8
3430,30,2022-02-25,131.9,412.2,160998.0
3431,30,2022-02-28,101.1,400.5,161427.2
3432,30,2022-03-07,97.0,398.4,161811.5
3433,30,2022-03-14,114.2,384.3,162263.0
3434,30,2022-03-24,137.6,400.0,162798.9
3435,30,2022-03-28,121.1,398.4,163284.8
3436,30,2022-04-03,114.7,428.5,163726.9
3437,30,2022-04-17,138.0,429.1,164285.4
3438,30,2022-04-28,150.7,434.5,164941.9
3439,30,2022-05-04,102.6,446.2,165327.1
3440,30,2022-05-12,137.0,428.4,165860.4
3441,30,2022-05-20,132.4,445.3,166367.7
3442,30,2022-06-02,156.6,422.4,166966.9
3443,30,2022-06-09,124.3,453.6,167476.4
3444,30,2022-06-22,133.9,440.5,168014.5
3445,30,2022-07-08,305.8,506.9,168592.9
3446,30,2022-07-20,118.9,508.1,169048.0
3447,30,2022-08-03,111.5,494.6,169535.0
3448,30,2022-08-12,112.5,509.0,169959.5
3449,30,2022-08-18,113.1,493.1,170389.6
3450,30,2022-08-27,105.8,489.4,170797.6
3451,30,2022-09-07,142.5,489.6,171338.5
3452,30,2022-09-12,91.1,514.5,171708.7
3453,30,2022-09-21,135.6,499.7,172256.5
3454,30,2022-09-28,119.8,520.0,172713.7
3455,30,2022-10-07,136.4,549.7,173303.7
3456,30,2022-10-10,117.8,560.7,173767.0
3457,30,2022-10-19,119.5,551.9,174225.1
3458,30,2022-10-25,100.1,564.9,174612.8
3459,30,2022-10-30,119.7,581.8,175091.1
3460,30,2022-11-04,116.4,567.5,175572.1
3461,30,2022-11-11,142.5,566.7,176146.8
3462,30,2022-11-15,92.0,584.9,176525.9
3463,30,2022-11-18,96.1,578.9,176952.6
3464,30,2022-11-22,106.9,579.2,177414.4
3465,30,2022-11-26,138.1,573.8,177943.7
3466,30,2022-12-03,125.9,550.9,178425.5
3467,30,2022-12-06,100.0,587.5,178840.7
3468,30,2022-12-11,383.2,580.6,179453.6
3469,30,2022-12-16,135.5,569.0,180037.9
3470,30,2022-12-22,123.0,569.7,180542.4
3471,30,2022-12-26,106.8,586.3,181004.6
3472,30,2022-12-31,104.1,554.3,181447.6
3473,30,2023-01-04,97.9,617.1,181842.0
3474,30,2023-01-09,125.1,629.1,182309.8
3475,30,2023-01-15,146.1,586.8,182854.9
3476,30,2023-01-19,108.6,620.4,183334.4
3477,30,2023-01-25,142.4,625.9,183925.5
3478,30,2023-01-31,109.8,603.9,184381.6
3479,30,2023-02-04,114.5,628.8,184846.9
3480,30,2023-02-11,157.4,625.9,185450.4
3481,30,2023-02-15,129.1,615.4,185982.7
3482,30,2023-02-19,113.5,604.2,186467.1
3483,30,2023-02-24,117.3,594.0,186942.5
3484,30,2023-03-01,124.9,627.2,187473.3
3485,30,2023-03-09,121.2,595.9,187997.3
3486,30,2023-03-19,92.9,585.9,188410.5
3487,30,2023-03-23,110.1,592.4,188871.6
3488,30,2023-03-29,114.1,586.7,189339.8
3489,30,2023-04-11,143.4,677.6,189907.0
3490,30,2023-04-17,105.7,720.2,190349.7
3491,30,2023-04-27,140.1,704.0,190982.2
3492,30,2023-05-02,101.5,715.5,191383.4
3493,30,2023-05-07,134.6,712.3,191902.8
3494,30,2023-05-13,138.7,699.8,192489.2
3495,30,2023-05-22,146.5,703.0,193149.5
3496,30,2023-05-30,112.1,707.7,193645.3
3497,30,2023-06-06,144.5,725.9,194280.4
3498,30,2023-06-22,157.2,708.6,194888.8
3499,30,2023-07-01,127.4,821.4,195429.2
3500,30,2023-07-17,121.3,794.0,195938.9
3501,30,2023-07-26,142.7,812.9,196532.4
3502,30,2023-08-05,143.0,783.0,197083.1
3503,30,2023-08-14,117.3,770.8,197528.1
3504,30,2023-08-20,96.5,783.2,197929.1
3505,30,2023-09-01,146.3,771.9,198491.6
3506,30,2023-09-08,178.1,799.6,199179.1
3507,30,2023-09-13,116.3,772.5,199625.3
3508,30,2023-09-24,118.6,793.0,200144.3
3509,30,2023-10-06,49.5,945.3,200830.8
3510,30,2023-10-11,127.4,883.0,201314.2
3511,30,2023-10-20,140.6,939.3,201907.7
3512,30,2023-11-02,139.6,899.9,202462.0
3513,30,2023-11-06,139.6,896.7,202995.0
3514,30,2023-11-12,125.1,943.8,203519.7
3515,30,2023-11-16,40.1,942.7,204070.6
3516,30,2023-11-22,143.9,886.8,204657.0
3517,30,2023-11-30,103.8,882.7,205118.8
3518,30,2023-12-08,163.4,918.6,205756.1
3519,30,2023-12-11,119.7,919.7,206297.3
3520,30,2023-12-15,118.6,910.7,206749.7
3521,30,2023-12-20,130.1,897.0,207234.2
3522,30,2023-12-30,164.1,902.3,207876.7
3523,30,2024-01-04,124.8,1016.2,208349.5
3524,30,2024-01-11,101.2,1003.9,208776.6
3525,30,2024-01-21,130.9,952.0,209354.6
3526,30,2024-01-26,393.6,1001.7,209931.0
3527,30,2024-01-30,101.3,975.8,210384.7
3528,30,2024-02-05,130.1,944.4,210874.7
3529,30,2024-02-13,141.0,1004.5,211474.4
3530,30,2024-02-23,153.3,956.4,212118.2
3531,30,2024-03-01,122.3,999.5,212610.1
3532,30,2024-03-11,124.3,940.7,213161.9
3533,30,2024-03-19,128.5,949.9,213741.2
3534,30,2024-03-26,104.8,940.4,214200.0
3535,30,2024-04-02,107.6,1078.0,214679.1
3536,30,2024-04-10,127.5,1074.3,215227.6
3537,30,2024-04-15,129.8,1100.4,215748.5
3538,30,2024-04-28,124.6,1060.4,216220.2
3539,30,2024-05-09,129.2,1114.0,216784.6
3540,30,2024-05-21,104.5,1100.9,217181.1
3541,30,2024-05-29,142.8,1090.9,217762.1
3542,30,2024-06-03,110.9,1116.5,218216.6
3543,30,2024-06-17,114.0,1074.6,218690.2
3544,30,2024-06-28,122.4,1089.8,219146.3
3545,30,2024-07-14,143.7,1152.4,219690.7
3546,30,2024-07-22,103.2,1180.2,220086.7
3547,30,2024-08-09,154.8,1161.4,220685.4
3548,30,2024-08-25,146.7,1227.8,221257.9
3549,30,2024-09-07,108.6,1180.6,221701.1
3550,30,2024-09-10,121.7,1195.9,222221.3
3551,30,2024-09-15,132.8,1211.6,222729.3
3552,30,2024-09-24,141.0,1167.8,223303.7
3553,30,2024-10-06,98.1,1384.1,223712.1
3554,30,2024-10-15,132.3,1361.7,224295.4
3555,30,2024-10-22,113.6,1396.9,224786.1
3556,30,2024-10-31,150.5,1382.7,225389.6
3557,30,2024-11-09,150.1,1383.0,225994.6
3558,30,2024-11-20,129.3,1363.9,226535.6
3559,30,2024-11-29,108.5,1369.7,227013.3
3560,30,2024-12-09,134.3,1415.0,227527.5
3561,30,2024-12-15,119.0,1388.9,227977.4
3562,30,2024-12-19,93.3,1397.2,228378.0
3563,30,2024-12-24,144.8,1313.3,228968.0
3564,30,2024-12-29,120.0,1361.9,229425.1
3565,31,2022-01-08,144.6,397.2,127118.3
3566,31,2022-01-13,140.3,412.8,127688.9
3567,31,2022-01-17,116.3,409.8,128165.7
3568,31,2022-01-24,144.5,404.5,128772.8
3569,31,2022-01-28,123.1,403.9,129276.8
3570,31,2022-02-06,32.3,406.6,129778.7
3571,31,2022-02-10,122.6,402.9,130326.7
3572,31,2022-02-14,248.0,405.7,130776.6
3573,31,2022-02-20,100.0,389.9,131225.5
3574,31,2022-02-25,105.2,397.6,131700.3
3575,31,2022-03-02,122.0,413.9,132234.9
3576,31,2022-03-09,121.1,389.5,132738.3
3577,31,2022-03-13,126.9,382.9,133320.3
3578,31,2022-03-19,120.8,412.3,133836.8
3579,31,2022-03-24,115.4,399.0,134325.1
3580,31,2022-04-03,139.9,427.0,134986.9
3581,31,2022-04-06,272.0,431.9,135428.9
3582,31,2022-04-18,95.7,430.5,135832.0
3583,31,2022-04-25,137.1,436.3,136395.0
3584,31,2022-05-06,128.3,431.8,137011.7
3585,31,2022-05-17,129.0,426.1,137598.3
3586,32,2022-01-07,45.2,401.6,112750.2
3587,32,2022-01-14,82.9,412.5,113461.8
3588,32,2022-01-18,46.0,386.3,113883.6
3589,32,2022-01-25,67.3,395.4,114496.4
3590,32,2022-01-30,62.4,390.0,115104.2
3591,32,2022-02-04,65.1,409.6,115688.2
3592,32,2022-02-10,56.4,389.8,116223.8
3593,32,2022-02-16,58.6,395.9,116781.1
3594,32,2022-02-23,52.7,389.9,117302.5
3595,32,2022-03-06,68.4,408.0,117941.1
3596,32,2022-03-15,54.2,405.1,118464.0
3597,32,2022-03-23,81.1,409.7,119200.7
3598,32,2022-03-29,48.5,394.6,119662.6
3599,32,2022-04-06,55.3,450.7,120144.6
3600,32,2022-04-17,66.7,436.8,120722.1
3601,32,2022-04-26,50.0,446.1,121214.7
3602,32,2022-05-04,76.9,424.7,121956.1
3603,32,2022-05-09,65.8,436.7,122547.9
3604,32,2022-05-23,62.0,433.2,123101.6
3605,32,2022-05-31,62.4,430.6,123721.2
3606,32,2022-06-11,52.9,423.7,124209.8
3607,32,2022-06-22,84.7,451.2,124963.2
3608,32,2022-07-04,76.5,493.5,125665.2
3609,32,2022-07-13,46.9,483.8,126079.8
3610,32,2022-07-26,53.8,504.5,126553.4
3611,32,2022-08-03,59.8,499.1,127133.6
3612,32,2022-08-14,83.1,487.4,127865.1
3613,32,2022-08-23,53.1,509.2,128396.4
3614,32,2022-08-31,51.7,498.7,128839.1
3615,32,2022-09-05,67.0,497.4,129411.8
3616,32,2022-09-13,72.2,517.5,130062.4
3617,32,2022-09-23,63.5,504.1,130713.2
3618,32,2022-10-01,73.7,561.6,131373.1
3619,32,2022-10-11,66.7,581.4,131996.9
3620,32,2022-10-22,81.4,585.4,132693.2
3621,32,2022-10-28,58.4,588.7,133215.1
3622,32,2022-11-07,62.5,584.3,133862.3
3623,32,2022-11-15,50.5,568.4,134369.3
3624,32,2022-11-24,76.9,560.0,135048.5
3625,32,2022-11-29,47.9,577.4,135492.5
3626,32,2022-12-05,48.7,551.7,135949.6
3627,32,2022-12-10,68.0,554.4,136541.2
3628,32,2022-12-16,84.7,546.2,137317.9
3629,32,2022-12-21,55.9,583.9,137802.2
3630,32,2022-12-29,70.1,580.2,138482.3
3631,32,2023-01-03,59.8,630.3,139021.4
3632,32,2023-01-08,63.7,610.9,139604.6
3633,32,2023-01-13,59.7,587.3,140153.3
3634,32,2023-01-21,150.9,618.7,140817.8
3635,32,2023-01-28,71.2,590.6,141441.9
3636,32,2023-02-01,56.2,600.0,141923.0
3637,32,2023-02-05,56.2,627.3,142424.3
3638,32,2023-02-13,70.8,607.3,143126.8
3639,32,2023-02-20,70.2,612.1,143757.0
3640,32,2023-02-23,54.7,608.2,144239.8
3641,32,2023-02-28,57.4,619.5,144731.2
3642,32,2023-03-09,70.1,588.9,145382.6
3643,32,2023-03-19,76.1,607.8,146036.3
3644,32,2023-04-02,79.3,681.2,146717.6
3645,32,2023-04-14,72.8,693.1,147393.6
3646,32,2023-04-28,84.0,695.2,148174.7
3647,32,2023-05-05,58.1,677.5,148680.0
3648,32,2023-05-13,48.9,700.7,149135.5
3649,32,2023-05-31,71.5,707.4,149747.7
3650,32,2023-06-09,56.9,719.0,150321.9
3651,32,2023-06-28,70.5,680.3,150936.3
3652,32,2023-07-07,61.3,773.5,151479.0
3653,32,2023-07-12,55.4,817.6,151962.4
3654,32,2023-07-29,61.0,793.6,152501.1
3655,32,2023-08-12,53.5,785.7,153001.6
3656,32,2023-08-25,49.2,804.7,153439.2
3657,32,2023-09-07,66.7,811.5,154106.7
3658,32,2023-09-22,70.7,827.3,154716.4
3659,32,2023-09-29,66.8,773.7,155290.2
3660,32,2023-10-06,51.1,926.1,155776.8
3661,32,2023-10-11,52.2,878.7,156247.2
3662,32,2023-10-17,57.3,909.0,156828.5
3663,32,2023-10-30,83.5,917.6,157563.9
3664,32,2023-11-08,63.4,915.8,158130.5
3665,32,2023-11-13,58.5,941.6,158629.6
3666,32,2023-11-21,65.5,938.5,159190.3
3667,32,2023-11-25,55.9,904.4,159680.7
3668,32,2023-12-01,64.8,914.4,160325.6
3669,32,2023-12-06,53.2,926.8,160874.6
3670,32,2023-12-12,52.2,946.0,161380.9
3671,32,2023-12-17,69.8,908.1,161975.7
3672,32,2023-12-21,52.7,925.1,162465.7
3673,32,2023-12-26,61.8,913.7,163017.1
3674,32,2023-12-31,58.3,890.9,163531.3
3675,32,2024-01-04,60.3,978.1,164046.0
3676,32,2024-01-10,71.9,1003.2,164660.9
3677,32,2024-01-15,49.0,974.3,165080.4
3678,32,2024-01-23,73.7,970.6,165730.4
3679,32,2024-01-30,58.1,950.0,166275.0
3680,32,2024-02-11,63.3,998.0,166824.4
3681,32,2024-02-17,66.5,959.1,167418.9
3682,32,2024-02-23,63.2,952.0,167995.6
3683,32,2024-02-27,59.4,965.4,168504.6
3684,32,2024-03-10,53.9,999.0,168969.0
3685,32,2024-03-17,67.5,940.2,169578.4
3686,32,2024-03-24,71.9,1009.4,170197.1
3687,32,2024-04-03,59.4,1046.9,170710.6
3688,32,2024-04-10,66.7,1071.5,171349.8
3689,32,2024-04-17,65.1,1037.0,171905.7
3690,32,2024-04-28,67.2,1063.1,172505.9
3691,32,2024-05-14,66.7,1117.1,173112.9
3692,32,2024-05-28,69.2,1102.4,173713.0
3693,32,2024-06-20,45.0,1060.6,174136.7
3694,32,2024-07-02,77.3,1180.5,174871.3
3695,32,2024-07-15,66.2,1186.7,175454.0
3696,32,2024-07-28,58.1,1206.3,175954.9
3697,32,2024-08-23,78.4,1147.8,176659.7
3698,32,2024-09-15,78.0,1174.4,177399.9
3699,32,2024-10-01,61.1,1348.7,177951.5
3700,32,2024-10-05,49.3,1351.1,178447.9
3701,32,2024-10-15,56.0,1313.3,178970.8
3702,32,2024-10-31,56.9,1314.6,179475.1
3703,32,2024-11-09,78.3,1319.6,180249.9
3704,32,2024-11-17,19.0,1337.0,180820.7
3705,32,2024-11-21,64.3,1404.8,181375.0
3706,32,2024-12-01,66.8,1415.2,181990.5
3707,32,2024-12-11,73.9,1375.1,182682.0
3708,32,2024-12-19,72.9,1400.4,183365.5
3709,32,2024-12-27,70.6,1390.9,183966.1
3710,33,2023-02-20,91.6,618.2,576.8
3711,33,2023-02-28,79.1,630.8,1069.0
3712,33,2023-03-03,67.3,619.4,1488.1
3713,33,2023-03-11,79.6,602.8,2005.3
3714,33,2023-03-16,87.8,595.4,2552.8
3715,33,2023-03-21,85.8,602.4,3122.6
3716,33,2023-04-02,86.0,688.2,3646.3
3717,33,2023-04-07,79.6,697.4,4144.3
3718,33,2023-04-11,65.7,691.6,4604.1
3719,33,2023-04-26,84.6,699.4,5197.1
3720,33,2023-05-06,70.4,698.4,5628.1
3721,33,2023-05-12,93.7,691.5,6222.7
3722,33,2023-05-24,89.0,712.1,6812.8
3723,33,2023-06-06,106.4,695.9,7496.1
3724,33,2023-06-21,61.7,720.0,7869.4
3725,33,2023-07-01,84.3,811.4,8416.3
3726,33,2023-07-06,60.0,781.4,8785.6
3727,33,2023-07-12,59.0,823.9,9152.2
3728,33,2023-07-22,73.5,770.1,9632.9
3729,33,2023-08-11,86.8,781.7,10174.1
3730,33,2023-08-28,72.4,822.7,10638.7
3731,33,2023-09-03,80.1,798.3,11137.5
3732,33,2023-09-13,89.5,778.7,11737.2
3733,33,2023-09-19,83.6,769.9,12245.1
3734,33,2023-09-25,76.2,770.4,12723.3
3735,33,2023-09-29,21.1,827.3,13158.1
3736,33,2023-10-06,64.1,923.6,13558.3
3737,33,2023-10-14,105.9,935.8,14200.1
3738,33,2023-10-23,99.9,894.3,14806.6
3739,33,2023-10-27,72.1,896.9,15287.9
3740,33,2023-11-07,82.1,882.8,15820.8
3741,33,2023-11-11,71.4,913.6,16282.5
3742,33,2023-11-18,80.0,923.1,16771.9
3743,33,2023-11-26,85.5,879.1,17385.0
3744,33,2023-12-04,208.5,908.5,17906.7
3745,33,2023-12-10,98.2,892.0,18534.6
3746,33,2023-12-16,113.7,913.2,19279.4
3747,33,2023-12-20,167.6,886.9,19770.1
3748,33,2023-12-24,65.4,905.9,20173.7
3749,33,2023-12-29,79.1,903.3,20701.3
3750,33,2024-01-03,71.9,942.4,21129.8
3751,33,2024-01-09,27.8,958.6,21721.0
3752,33,2024-01-14,73.0,981.7,22156.8
3753,33,2024-01-19,79.7,985.0,22727.4
3754,33,2024-01-27,78.5,985.7,23258.2
3755,33,2024-02-03,77.4,939.0,23738.1
3756,33,2024-02-08,64.9,1002.4,24127.0
3757,33,2024-02-14,88.1,1011.4,24681.5
3758,33,2024-02-21,80.6,940.5,25213.3
3759,33,2024-02-27,71.2,1011.3,25647.0
3760,33,2024-03-05,82.7,951.6,26193.3
3761,33,2024-03-10,63.6,988.5,26604.2
3762,33,2024-03-16,91.3,986.8,27166.1
3763,33,2024-03-23,76.6,997.0,27687.6
3764,33,2024-03-27,78.6,1012.2,28191.4
3765,33,2024-04-03,21.4,1098.8,28631.2
3766,33,2024-04-17,76.2,1098.1,29153.8
3767,33,2024-05-03,89.8,1044.4,29771.9
3768,33,2024-05-18,66.4,1091.5,30234.0
3769,33,2024-05-27,82.5,1077.1,30740.9
3770,33,2024-06-04,78.1,1112.2,31207.5
3771,33,2024-06-15,94.1,1097.4,31783.9
3772,33,2024-06-29,69.2,1066.3,32222.2
3773,33,2024-07-13,74.2,1214.5,32671.3
3774,33,2024-07-24,93.2,1156.8,33265.8
3775,33,2024-07-31,60.3,1217.6,33646.6
3776,33,2024-08-12,78.6,1198.3,34126.0
3777,33,2024-08-25,87.2,1204.3,34677.6
3778,33,2024-09-03,89.0,1185.5,35235.1
3779,33,2024-09-14,79.4,1153.2,35799.8
3780,33,2024-09-26,90.9,1148.2,36434.9
3781,33,2024-10-11,80.9,1393.9,36990.5
3782,33,2024-10-22,99.0,1342.3,37593.9
3783,33,2024-10-27,80.1,1345.8,38105.2
3784,33,2024-10-30,77.5,1335.9,38570.6
3785,33,2024-11-10,65.7,1385.8,39027.0
3786,33,2024-11-17,92.6,1321.4,39583.0
3787,33,2024-11-26,76.7,1394.8,40095.0
3788,33,2024-12-01,225.2,1328.8,40625.5
3789,33,2024-12-08,68.5,1417.6,41054.1
3790,33,2024-12-16,68.5,1413.8,41516.0
3791,33,2024-12-22,78.6,1398.2,42019.0
3792,33,2024-12-30,85.4,1374.4,42545.6
3793,34,2022-01-10,163.2,396.4,175908.0
3794,34,2022-01-16,180.4,408.7,176493.6
3795,34,2022-01-21,162.2,395.6,177053.5
3796,34,2022-01-27,176.8,399.9,177725.6
3797,34,2022-02-04,160.6,408.2,178333.1
3798,34,2022-02-11,123.6,393.5,178737.3
3799,34,2022-02-18,150.9,392.7,179220.5
3800,34,2022-02-22,133.9,384.1,179679.3
3801,34,2022-03-02,210.7,400.3,180427.8
3802,34,2022-03-12,145.2,386.2,180904.8
3803,34,2022-03-22,176.6,387.8,181581.7
3804,34,2022-03-31,159.5,393.4,182133.8
3805,34,2022-04-09,145.6,424.0,182622.9
3806,34,2022-04-14,150.7,424.0,183105.9
3807,34,2022-04-23,186.4,442.8,183761.6
3808,34,2022-05-06,162.4,422.7,184317.4
3809,34,2022-05-15,147.7,424.3,184802.9
3810,34,2022-05-30,169.1,433.9,185410.3
3811,34,2022-06-12,140.7,444.5,185900.0
3812,34,2022-06-19,114.4,429.4,186303.6
3813,34,2022-07-05,135.6,512.4,186746.4
3814,34,2022-07-11,136.2,489.7,187184.5
3815,34,2022-07-21,156.5,499.0,187755.8
3816,34,2022-07-30,128.2,516.5,188224.7
3817,34,2022-08-10,132.5,500.3,188672.1
3818,34,2022-08-26,206.3,483.8,189381.6
3819,34,2022-09-03,166.2,491.3,189914.6
3820,34,2022-09-19,211.7,493.5,190665.2
3821,34,2022-09-24,165.8,519.1,191254.8
3822,34,2022-10-03,160.1,567.9,191805.0
3823,34,2022-10-11,169.9,578.0,192357.4
3824,34,2022-10-16,164.5,585.1,192938.2
3825,34,2022-10-22,148.8,563.3,193498.6
3826,34,2022-10-29,131.4,572.0,193990.9
3827,34,2022-11-08,179.5,569.1,194568.8
3828,34,2022-11-18,174.4,564.4,195220.2
3829,34,2022-11-24,148.3,589.3,195786.6
3830,34,2022-12-01,166.3,560.3,196366.3
3831,34,2022-12-07,176.9,559.9,196969.2
3832,34,2022-12-11,133.7,556.3,197410.0
3833,34,2022-12-18,155.5,550.2,197935.7
3834,34,2022-12-23,152.0,575.3,198494.9
3835,34,2022-12-28,167.7,590.5,199125.6
3836,34,2023-01-02,172.0,631.6,199710.9
3837,34,2023-01-07,174.5,599.1,200336.1
3838,34,2023-01-13,163.3,606.6,200905.2
3839,34,2023-01-18,180.4,600.9,201487.8
3840,34,2023-01-23,146.2,599.3,201966.3
3841,34,2023-01-31,200.1,612.0,202648.1
3842,34,2023-02-08,172.7,611.3,203232.0
3843,34,2023-02-14,156.9,590.7,203758.1
3844,34,2023-02-23,143.6,601.4,204219.9
3845,34,2023-02-27,115.5,598.3,204648.2
3846,34,2023-03-10,145.6,613.9,205186.6
3847,34,2023-03-17,178.7,620.0,205851.9
3848,34,2023-03-23,158.0,599.1,206402.6
3849,34,2023-03-28,134.8,596.2,206898.2
3850,34,2023-04-11,164.8,684.5,207499.7
3851,34,2023-04-20,149.3,683.6,207976.5
3852,34,2023-05-05,158.7,732.1,208535.5
3853,34,2023-05-14,171.2,691.0,209171.3
3854,34,2023-05-20,142.1,691.6,209693.6
3855,34,2023-06-03,164.6,680.2,210264.1
3856,34,2023-06-15,295.0,691.3,210691.9
3857,34,2023-06-26,141.5,721.0,211192.0
3858,34,2023-07-08,171.9,770.3,211823.8
3859,34,2023-07-18,182.0,793.1,212412.9
3860,34,2023-07-28,137.8,787.2,212871.9
3861,34,2023-08-02,137.6,776.6,213338.0
3862,34,2023-08-15,165.8,777.3,213904.5
3863,34,2023-08-25,165.8,816.4,214437.4
3864,34,2023-08-30,129.2,809.1,214858.7
3865,34,2023-09-11,148.1,810.7,215422.9
3866,34,2023-09-24,182.5,784.9,216051.7
3867,34,2023-10-04,208.4,880.7,216754.1
3868,34,2023-10-10,151.8,920.1,217296.6
3869,34,2023-10-17,153.4,898.6,217828.9
3870,34,2023-10-23,132.8,944.8,218341.2
3871,34,2023-10-29,144.5,915.7,218847.8
3872,34,2023-11-08,47.5,918.0,219369.8
3873,34,2023-11-19,160.1,888.7,219916.5
3874,34,2023-11-24,140.0,923.6,220402.6
3875,34,2023-11-30,178.1,901.8,220987.8
3876,34,2023-12-07,176.4,884.1,221656.3
3877,34,2023-12-11,121.4,943.5,222072.9
3878,34,2023-12-15,329.9,944.3,222515.2
3879,34,2023-12-20,186.1,920.6,223152.3
3880,34,2023-12-27,174.8,932.8,223721.3
3881,34,2024-01-01,168.1,942.1,224364.5
3882,34,2024-01-05,194.8,975.7,225020.8
3883,34,2024-01-14,175.2,942.5,225648.6
3884,34,2024-01-20,129.6,955.6,226146.2
3885,34,2024-01-24,141.1,940.1,226634.8
3886,34,2024-02-01,115.5,1006.3,227011.4
3887,34,2024-02-07,199.5,948.2,227688.3
3888,34,2024-02-18,173.0,940.5,228334.0
3889,34,2024-02-24,161.0,971.9,228891.7
3890,34,2024-03-04,182.6,955.5,229529.6
3891,34,2024-03-16,169.6,972.6,230136.5
3892,34,2024-03-29,191.4,998.0,230822.1
3893,34,2024-04-02,480.0,1106.3,231429.2
3894,34,2024-04-10,336.2,1076.2,232008.9
3895,34,2024-04-21,159.3,1074.9,232518.8
3896,34,2024-05-02,165.4,1098.7,233056.9
3897,34,2024-05-10,111.9,1119.7,233462.5
3898,34,2024-05-24,140.1,1042.7,233960.7
3899,34,2024-06-06,169.0,1115.1,234521.5
3900,34,2024-06-24,141.1,1063.1,235059.4
3901,34,2024-07-10,190.7,1208.6,235697.9
3902,34,2024-08-08,161.5,1138.8,236271.9
3903,34,2024-08-16,153.7,1185.7,236786.9
3904,34,2024-08-31,162.4,1144.5,237350.4
3905,34,2024-09-14,121.6,1216.4,237755.4
3906,34,2024-09-29,143.2,1207.8,238257.9
3907,34,2024-10-12,169.6,1375.8,238897.8
3908,34,2024-10-22,166.4,1399.4,239451.4
3909,34,2024-10-31,208.3,1417.0,240117.0
3910,34,2024-11-07,152.1,1405.7,240606.3
3911,34,2024-11-25,171.9,1375.4,241265.7
3912,34,2024-12-03,174.3,1385.8,241832.3
3913,34,2024-12-12,224.3,1411.6,242549.8
3914,34,2024-12-19,146.2,1350.9,243074.4
3915,34,2024-12-25,196.5,1382.2,243708.2
3916,35,2022-01-07,164.4,402.4,134965.3
3917,35,2022-01-15,406.9,382.9,135531.7
3918,35,2022-01-20,152.3,399.2,136031.8
3919,35,2022-01-26,140.5,413.9,136503.1
3920,35,2022-01-30,150.7,403.3,137050.8
3921,35,2022-02-04,152.1,405.5,137595.9
3922,35,2022-02-09,211.5,409.5,138276.0
3923,35,2022-02-14,152.8,403.2,138801.9
3924,35,2022-02-18,122.1,410.6,139222.9
3925,35,2022-02-23,166.0,413.2,139756.8
3926,35,2022-02-28,151.0,393.3,140297.0
3927,35,2022-03-11,139.0,396.4,140812.0
3928,35,2022-03-25,183.4,391.9,141451.9
3929,35,2022-04-02,147.3,447.2,141927.2
3930,35,2022-04-11,153.3,440.6,142430.6
3931,35,2022-04-22,164.4,439.5,143029.7
3932,35,2022-05-07,198.5,438.0,143692.9
3933,35,2022-05-20,165.6,442.0,144304.6
3934,35,2022-05-26,147.9,439.9,144782.7
3935,35,2022-06-05,162.2,451.4,145367.2
3936,35,2022-06-12,117.4,441.7,145785.4
3937,35,2022-06-21,180.0,445.2,146401.1
3938,35,2022-07-13,169.7,511.3,147005.9
3939,35,2022-07-22,163.4,508.8,147538.0
3940,35,2022-07-25,143.5,497.7,148035.1
3941,35,2022-08-07,147.8,483.7,148563.9
3942,35,2022-08-16,173.2,497.3,149137.7
3943,35,2022-08-24,156.9,500.8,149662.5
3944,35,2022-08-30,134.1,507.2,150156.4
3945,35,2022-09-10,144.9,496.2,150646.6
3946,35,2022-09-27,160.1,512.5,151208.0
3947,35,2022-10-05,169.4,551.1,151761.1
3948,35,2022-10-09,125.5,551.0,152186.9
3949,35,2022-10-15,138.4,566.7,152635.2
3950,35,2022-10-24,175.0,578.1,153258.1
3951,35,2022-11-04,170.5,566.3,153824.8
3952,35,2022-11-08,130.3,567.6,154315.8
3953,35,2022-11-17,120.1,555.1,154708.7
3954,35,2022-11-21,138.6,574.1,155219.9
3955,35,2022-11-28,140.7,573.0,155735.2
3956,35,2022-12-03,153.3,580.9,156236.2
3957,35,2022-12-08,162.8,557.7,156763.9
3958,35,2022-12-12,134.6,587.7,157205.6
3959,35,2022-12-18,164.4,586.7,157753.1
3960,35,2022-12-22,151.4,583.8,158239.4
3961,35,2022-12-29,212.7,564.6,158963.3
3962,35,2023-01-05,179.1,591.6,159600.6
3963,35,2023-01-11,171.8,586.7,160208.7
3964,35,2023-01-16,134.9,585.5,160690.1
3965,35,2023-01-21,135.4,593.1,161165.6
3966,35,2023-01-27,170.9,586.1,161815.5
3967,35,2023-02-01,133.3,594.0,162250.2
3968,35,2023-02-07,179.4,616.9,162839.4
3969,35,2023-02-12,162.5,601.5,163391.3
3970,35,2023-02-19,169.8,588.1,163955.5
3971,35,2023-02-28,151.8,590.0,164537.0
3972,35,2023-03-05,165.1,610.2,165098.0
3973,35,2023-03-10,134.8,584.1,165532.4
3974,35,2023-03-23,199.1,585.1,166201.3
3975,35,2023-03-29,159.0,609.7,166724.8
3976,35,2023-04-06,123.7,682.3,167178.8
3977,35,2023-04-19,210.6,715.8,167937.9
3978,35,2023-05-01,395.5,706.0,168445.2
3979,35,2023-05-15,126.2,712.0,168882.5
3980,35,2023-05-30,119.2,701.9,169320.7
3981,35,2023-06-14,203.3,686.6,169986.0
3982,35,2023-06-28,135.2,724.5,170458.9
3983,35,2023-07-11,141.2,782.0,170962.7
3984,35,2023-07-27,182.2,787.8,171611.9
3985,35,2023-08-07,149.4,768.5,172096.4
3986,35,2023-08-21,148.6,777.5,172661.1
3987,35,2023-09-04,162.8,780.0,173260.0
3988,35,2023-09-12,148.8,798.3,173771.5
3989,35,2023-10-02,207.6,878.2,174434.9
3990,35,2023-10-16,157.8,933.2,174976.9
3991,35,2023-10-26,211.7,931.0,175661.3
3992,35,2023-11-01,145.5,894.7,176126.9
3993,35,2023-11-07,175.5,895.5,176713.4
3994,35,2023-11-13,154.8,914.7,177299.5
3995,35,2023-11-21,145.8,898.4,177785.6
3996,35,2023-11-28,143.0,881.1,178325.1
3997,35,2023-12-03,125.6,875.1,178743.9
3998,35,2023-12-10,165.2,892.8,179341.1
3999,35,2023-12-18,183.4,896.6,179959.8
4000,35,2023-12-24,204.1,929.1,180615.0
4001,35,2023-12-29,182.0,904.5,181196.6
4002,35,2024-01-03,207.1,978.1,181859.4
4003,35,2024-01-06,135.5,968.0,182333.9
4004,35,2024-01-12,128.1,977.7,182781.6
4005,35,2024-01-17,163.6,1014.6,183311.4
4006,35,2024-01-25,213.9,973.0,184060.6
4007,35,2024-01-31,140.3,1013.0,184540.5
4008,35,2024-02-05,212.3,941.1,185287.3
4009,35,2024-02-09,130.1,942.0,185707.2
4010,35,2024-02-15,184.6,981.6,186326.3
4011,35,2024-02-19,125.7,947.6,186745.5
4012,35,2024-02-25,156.1,981.3,187249.9
4013,35,2024-02-29,152.7,946.4,187748.5
4014,35,2024-03-04,46.4,994.2,188263.6
4015,35,2024-03-16,182.9,980.7,188928.6
4016,35,2024-03-26,218.1,1005.4,189629.5
4017,35,2024-03-31,130.9,989.6,190130.5
4018,35,2024-04-08,163.0,1120.0,190658.5
4019,35,2024-04-13,155.3,1047.1,191195.9
4020,35,2024-04-27,155.6,1039.3,191777.7
4021,35,2024-05-05,136.1,1039.2,192298.7
4022,35,2024-05-24,154.3,1049.8,192845.1
4023,35,2024-06-18,149.3,1064.5,193325.6
4024,35,2024-07-01,153.4,1178.0,193888.5
4025,35,2024-07-13,135.6,1183.4,194360.8
4026,35,2024-07-30,174.2,1167.9,194942.1
4027,35,2024-08-18,152.1,1163.3,195466.6
4028,35,2024-09-01,153.8,1220.7,195995.7
4029,35,2024-09-06,125.1,1183.3,196444.6
4030,35,2024-09-19,161.5,1186.9,197052.3
4031,35,2024-09-30,167.0,1212.3,197618.9
4032,35,2024-10-15,131.3,1311.5,198055.6
4033,35,2024-10-26,182.9,1387.6,198667.2
4034,35,2024-11-06,174.3,1324.4,199287.2
4035,35,2024-11-14,169.3,1364.1,199877.3
4036,35,2024-11-20,119.7,1396.2,200305.1
4037,35,2024-12-01,203.2,1368.6,201047.6
4038,35,2024-12-08,175.3,1414.0,201680.5
4039,35,2024-12-15,181.8,1390.6,202325.7
4040,35,2024-12-24,176.4,1320.2,202899.2
4041,36,2022-01-07,115.4,396.2,96287.3
4042,36,2022-01-17,140.1,387.2,96914.3
4043,36,2022-01-22,131.8,402.0,97419.4
4044,36,2022-01-28,128.7,410.3,97928.3
4045,36,2022-02-01,100.6,408.8,98307.7
4046,36,2022-02-08,157.8,405.6,98929.2
4047,36,2022-02-18,134.6,388.0,99513.6
4048,36,2022-02-24,126.0,382.4,99993.2
4049,36,2022-03-02,121.0,388.0,100456.8
4050,36,2022-03-08,117.7,411.5,100937.0
4051,36,2022-03-11,95.5,409.7,101302.0
4052,36,2022-03-17,152.6,393.1,101954.1
4053,36,2022-03-26,154.2,405.9,102532.4
4054,36,2022-03-31,133.7,411.0,103123.7
4055,36,2022-04-05,170.7,451.0,103769.1
4056,36,2022-04-15,126.8,425.8,104276.0
4057,36,2022-04-19,113.5,429.8,104716.0
4058,36,2022-04-27,165.5,437.0,105356.2
4059,36,2022-05-02,130.9,456.2,105914.5
4060,36,2022-05-12,100.4,439.0,106366.0
4061,36,2022-05-19,127.8,424.8,106910.7
4062,36,2022-05-27,257.4,446.0,107280.4
4063,36,2022-06-07,136.9,437.9,107836.3
4064,36,2022-06-22,126.0,437.9,108381.9
4065,36,2022-07-01,111.2,506.1,108832.6
4066,36,2022-07-14,153.2,489.4,109403.0
4067,36,2022-07-27,108.9,484.7,109884.5
4068,36,2022-08-09,168.8,494.5,110625.1
4069,36,2022-08-26,101.5,504.4,111073.0
4070,36,2022-09-06,122.4,509.7,111539.8
4071,36,2022-09-12,103.4,511.9,111929.7
4072,36,2022-09-15,90.7,484.7,112270.5
4073,36,2022-09-21,126.2,504.9,112763.1
4074,36,2022-09-29,124.6,511.6,113236.3
4075,36,2022-10-05,165.2,573.5,113864.7
4076,36,2022-10-10,119.6,580.8,114364.7
4077,36,2022-10-16,138.5,566.7,114905.7
4078,36,2022-10-24,150.3,577.8,115501.0
4079,36,2022-10-31,106.9,551.4,115905.5
4080,36,2022-11-07,133.4,564.9,116508.4
4081,36,2022-11-13,134.1,564.3,117039.6
4082,36,2022-11-17,100.6,581.3,117435.0
4083,36,2022-11-23,140.3,582.4,117985.5
4084,36,2022-11-27,117.7,578.4,118480.9
4085,36,2022-12-01,119.3,572.0,118934.2
4086,36,2022-12-06,129.9,560.1,119518.4
4087,36,2022-12-11,125.4,590.4,120051.6
4088,36,2022-12-15,118.8,574.3,120505.3
4089,36,2022-12-19,112.7,561.0,120930.7
4090,36,2022-12-23,120.0,555.6,121379.8
4091,36,2022-12-28,107.6,555.2,121820.2
4092,36,2023-01-01,126.9,589.6,122298.2
4093,36,2023-01-08,151.4,629.9,122871.0
4094,36,2023-01-12,124.1,624.3,123369.0
4095,36,2023-01-17,118.1,600.7,123865.6
4096,36,2023-01-20,124.1,592.5,124341.3
4097,36,2023-01-23,94.7,595.5,124699.2
4098,36,2023-01-28,132.3,629.1,125290.4
4099,36,2023-02-01,110.8,607.8,125708.4
4100,36,2023-02-06,144.8,592.3,126339.3
4101,36,2023-02-12,144.5,607.8,126991.7
4102,36,2023-02-17,98.6,602.4,127376.6
4103,36,2023-02-24,148.1,618.2,127978.9
4104,36,2023-03-01,139.6,624.5,128538.5
4105,36,2023-03-12,145.4,594.1,129159.3
4106,36,2023-03-17,134.7,625.4,129720.3
4107,36,2023-03-25,110.1,607.4,130216.2
4108,36,2023-04-02,155.7,728.2,130851.4
4109,36,2023-04-10,135.0,687.7,131389.5
4110,36,2023-04-19,123.9,730.2,131862.1
4111,36,2023-04-26,141.2,721.1,132414.0
4112,36,2023-05-01,96.3,697.8,132809.0
4113,36,2023-05-08,109.2,689.4,133282.0
4114,36,2023-05-18,148.5,692.0,133913.5
4115,36,2023-05-25,149.4,704.2,134507.3
4116,36,2023-06-09,137.3,702.4,135024.5
4117,36,2023-06-19,132.1,684.0,135584.1
4118,36,2023-07-01,115.5,805.7,136099.5
4119,36,2023-07-14,139.3,803.2,136709.4
4120,36,2023-07-23,140.9,788.0,137234.6
4121,36,2023-08-01,107.8,811.3,137691.9
4122,36,2023-08-16,117.4,769.7,138221.8
4123,36,2023-09-04,148.8,792.7,138776.7
4124,36,2023-09-12,128.8,803.8,139300.6
4125,36,2023-09-18,127.0,787.5,139828.0
4126,36,2023-10-01,172.2,941.5,140498.5
4127,36,2023-10-09,143.2,914.9,141039.5
4128,36,2023-10-18,119.0,931.9,141514.9
4129,36,2023-10-29,112.5,885.5,141935.9
4130,36,2023-11-06,149.2,942.2,142530.4
4131,36,2023-11-17,137.9,906.4,143124.8
4132,36,2023-11-30,168.0,891.0,143761.5
4133,36,2023-12-07,403.5,937.7,144384.0
4134,36,2023-12-13,123.7,915.6,144940.3
4135,36,2023-12-16,105.8,925.6,145339.1
4136,36,2023-12-21,142.0,935.4,145908.9
4137,36,2023-12-27,146.3,909.6,146505.0
4138,36,2024-01-02,147.6,996.0,147085.1
4139,36,2024-01-12,136.9,1010.3,147671.7
4140,36,2024-01-18,113.5,959.8,148147.1
4141,36,2024-01-22,112.1,968.3,148638.8
4142,36,2024-01-29,137.9,992.2,149159.1
4143,36,2024-02-02,101.7,938.6,149574.1
4144,36,2024-02-06,117.1,1005.6,150026.2
4145,36,2024-02-11,121.7,943.8,150479.0
4146,36,2024-02-16,121.8,992.1,151001.2
4147,36,2024-02-22,109.8,988.5,151493.2
4148,36,2024-02-29,148.0,955.4,152101.0
4149,36,2024-03-07,183.3,997.1,152787.3
4150,36,2024-03-10,90.8,998.4,153185.0
4151,36,2024-03-16,111.7,1008.7,153659.3
4152,36,2024-03-27,142.6,960.0,154241.5
4153,36,2024-04-03,118.6,1089.8,154717.3
4154,36,2024-04-19,119.8,1105.4,155225.9
4155,36,2024-05-01,150.7,1057.1,155860.0
4156,36,2024-05-13,116.9,1061.3,156352.9
4157,36,2024-05-26,135.2,1069.6,156884.3
4158,36,2024-06-05,140.6,1077.2,157436.8
4159,36,2024-06-16,141.6,1045.8,157967.0
4160,36,2024-06-27,110.3,1105.0,158457.0
4161,36,2024-07-08,128.0,1138.1,158986.3
4162,36,2024-07-20,131.3,1164.0,159488.3
4163,36,2024-07-29,115.3,1155.5,159983.3
4164,36,2024-08-04,132.1,1207.5,160488.9
4165,36,2024-08-14,169.1,1149.2,161125.0
4166,36,2024-08-24,147.4,1195.6,161682.8
4167,36,2024-09-03,136.0,1183.9,162237.4
4168,36,2024-09-12,117.2,1204.7,162704.4
4169,36,2024-09-28,148.1,1184.6,163267.9
4170,36,2024-10-05,116.8,1318.8,163712.3
4171,36,2024-10-14,136.0,1314.9,164219.9
4172,36,2024-10-20,111.0,1407.1,164686.8
4173,36,2024-10-28,127.9,1382.7,165169.8
4174,36,2024-11-06,270.4,1337.1,165567.6
4175,36,2024-11-12,105.0,1365.1,165999.0
4176,36,2024-11-18,120.1,1372.1,166495.8
4177,36,2024-12-02,185.6,1326.2,167194.3
4178,36,2024-12-10,121.2,1383.2,167691.5
4179,36,2024-12-14,115.3,1401.6,168171.3
4180,36,2024-12-19,136.4,1376.5,168687.1
4181,36,2024-12-24,136.0,1355.0,169206.2
4182,36,2024-12-31,125.6,1414.3,169740.5
4183,37,2022-01-07,101.1,383.0,150529.0
4184,37,2022-01-13,138.4,382.8,151097.0
4185,37,2022-01-19,150.3,398.7,151689.3
4186,37,2022-01-22,98.6,405.2,152083.6
4187,37,2022-01-26,110.8,386.2,152565.0
4188,37,2022-01-30,98.8,383.9,152959.1
4189,37,2022-02-04,145.4,410.1,153525.8
4190,37,2022-02-08,125.0,390.2,154049.3
4191,37,2022-02-17,141.9,383.6,154679.2
4192,37,2022-02-22,103.3,410.6,155109.9
4193,37,2022-03-02,137.5,404.0,155652.0
4194,37,2022-03-06,152.9,385.2,156253.1
4195,37,2022-03-14,142.7,391.8,156818.8
4196,37,2022-03-18,97.1,395.3,157219.4
4197,37,2022-03-28,149.7,387.0,157797.1
4198,37,2022-04-04,113.6,435.6,158270.5
4199,37,2022-04-12,140.6,452.1,158824.8
4200,37,2022-04-21,154.3,449.3,159434.7
4201,37,2022-05-08,139.1,447.4,159979.0
4202,37,2022-05-15,121.5,427.9,160444.5
4203,37,2022-05-28,118.2,455.8,160935.7
4204,37,2022-06-16,160.4,438.8,161535.8
4205,37,2022-06-26,126.6,455.2,162068.5
4206,37,2022-07-05,102.2,509.5,162493.5
4207,37,2022-07-16,129.1,494.7,163025.4
4208,37,2022-07-21,110.2,521.6,163483.3
4209,37,2022-07-30,105.8,512.2,163952.1
4210,37,2022-08-14,138.8,487.7,164516.2
4211,37,2022-08-24,129.7,513.9,165016.3
4212,37,2022-09-02,149.1,523.2,165632.4
4213,37,2022-09-11,104.1,486.7,166024.8
4214,37,2022-09-18,129.3,502.7,166527.9
4215,37,2022-09-27,132.1,512.5,167040.4
4216,37,2022-10-04,113.2,563.2,167464.4
4217,37,2022-10-12,129.5,574.9,167967.3
4218,37,2022-10-18,104.9,553.2,168381.2
4219,37,2022-10-24,129.6,558.1,168907.2
4220,37,2022-11-02,154.9,582.2,169524.8
4221,37,2022-11-09,160.3,549.6,170121.5
4222,37,2022-11-17,140.6,568.3,170725.5
4223,37,2022-11-21,100.0,573.4,171111.4
4224,37,2022-11-27,145.7,572.5,171679.4
4225,37,2022-12-05,148.7,566.0,172322.5
4226,37,2022-12-10,123.5,575.7,172827.2
4227,37,2022-12-17,162.0,575.0,173496.8
4228,37,2022-12-21,97.3,582.6,173863.1
4229,37,2022-12-26,127.3,580.2,174409.3
4230,37,2022-12-30,92.2,559.8,174815.7
4231,37,2023-01-04,120.6,619.3,175277.2
4232,37,2023-01-08,153.5,584.6,175863.0
4233,37,2023-01-13,95.8,616.4,176272.9
4234,37,2023-01-19,249.3,613.8,176775.7
4235,37,2023-01-26,133.6,612.0,177340.0
4236,37,2023-01-30,139.7,603.9,177942.5
4237,37,2023-02-09,149.1,590.0,178602.4
4238,37,2023-02-15,146.0,599.2,179188.1
4239,37,2023-02-20,114.2,617.0,179686.6
4240,37,2023-02-27,191.8,587.0,180420.7
4241,37,2023-03-05,137.1,589.2,180972.5
4242,37,2023-03-10,129.4,593.2,181545.9
4243,37,2023-03-14,115.3,589.1,182026.8
4244,37,2023-03-27,147.5,585.7,182665.0
4245,37,2023-04-06,132.1,704.9,183237.5
4246,37,2023-04-12,99.6,726.0,183653.0
4247,37,2023-04-21,144.8,725.3,184241.0
4248,37,2023-04-25,104.5,688.9,184647.7
4249,37,2023-05-13,106.5,718.5,185069.6
4250,37,2023-05-18,97.0,729.7,185485.2
4251,37,2023-05-28,111.0,707.1,185963.8
4252,37,2023-06-16,156.2,732.3,186575.5
4253,37,2023-06-28,113.7,699.0,187038.8
4254,37,2023-07-15,110.2,776.3,187492.8
4255,37,2023-07-25,117.5,797.4,187982.7
4256,37,2023-08-06,141.3,824.3,188515.3
4257,37,2023-08-19,127.0,786.8,189043.6
4258,37,2023-08-26,135.6,801.3,189615.7
4259,37,2023-09-02,136.2,789.1,190185.0
4260,37,2023-09-08,118.2,824.6,190627.0
4261,37,2023-09-22,99.8,814.8,191044.7
4262,37,2023-09-27,129.5,790.0,191581.8
4263,37,2023-10-02,129.8,889.7,192093.1
4264,37,2023-10-08,126.1,907.6,192598.2
4265,37,2023-10-13,143.1,944.4,193166.8
4266,37,2023-10-22,158.0,916.4,193756.5
4267,37,2023-10-31,131.6,929.3,194329.0
4268,37,2023-11-10,119.7,893.2,194830.7
4269,37,2023-11-17,162.6,910.2,195442.5
4270,37,2023-11-22,107.9,942.9,195907.0
4271,37,2023-11-28,95.0,926.1,196328.4
4272,37,2023-12-08,146.7,921.9,196938.2
4273,37,2023-12-13,130.0,933.6,197475.2
4274,37,2023-12-19,146.4,941.5,198025.6
4275,37,2023-12-25,142.7,890.1,198657.0
4276,37,2023-12-31,127.2,927.4,199137.5
4277,37,2024-01-04,132.4,1009.1,199633.1
4278,37,2024-01-09,135.7,999.8,200166.6
4279,37,2024-01-14,388.2,1012.7,200791.6
4280,37,2024-01-21,165.2,967.4,201471.8
4281,37,2024-01-25,106.2,999.8,201894.0
4282,37,2024-01-30,141.6,1015.4,202480.7
4283,37,2024-02-07,133.0,1009.7,202994.3
4284,37,2024-02-13,153.1,938.5,203632.1
4285,37,2024-02-21,146.8,971.7,204231.8
4286,37,2024-03-02,174.0,945.2,204891.5
4287,37,2024-03-20,146.7,986.8,205464.8
4288,37,2024-03-27,120.4,946.0,205960.9
4289,37,2024-04-07,144.0,1057.8,206584.9
4290,37,2024-04-21,136.7,1087.8,207101.8
4291,37,2024-04-27,118.2,1083.8,207588.4
4292,37,2024-05-04,150.0,1038.5,208167.3
4293,37,2024-05-11,141.3,1063.6,208701.8
4294,37,2024-05-16,111.2,1071.7,209121.7
4295,37,2024-05-23,125.8,1045.0,209602.0
4296,37,2024-06-11,135.1,1042.7,210142.2
4297,37,2024-06-22,123.8,1108.9,210639.5
4298,37,2024-07-05,135.8,1168.2,211195.9
4299,37,2024-07-15,110.0,1180.1,211681.9
4300,37,2024-07-28,144.2,1221.3,212252.8
4301,37,2024-08-10,144.1,1207.3,212797.3
4302,37,2024-08-26,143.6,1154.5,213412.8
4303,37,2024-09-04,145.1,1145.9,213959.7
4304,37,2024-09-18,146.4,1168.2,214570.5
4305,37,2024-10-06,112.0,1331.1,215042.8
4306,37,2024-10-14,160.1,1351.8,215656.3
4307,37,2024-10-25,147.3,1349.3,216311.2
4308,37,2024-11-02,125.3,1360.4,216786.1
4309,37,2024-11-09,131.0,1357.9,217282.5
4310,37,2024-11-16,123.6,1359.1,217787.3
4311,37,2024-11-24,116.1,1413.7,218312.3
4312,37,2024-12-04,144.4,1351.5,218875.8
4313,37,2024-12-08,104.2,1404.9,219301.8
4314,37,2024-12-12,108.4,1389.9,219768.3
4315,37,2024-12-16,99.7,1400.2,220165.9
4316,37,2024-12-27,143.7,1329.7,220792.0
